[0.000000] (-) TimerEvent: {}
[0.000131] (realsense2_camera_msgs) JobQueued: {'identifier': 'realsense2_camera_msgs', 'dependencies': OrderedDict()}
[0.000161] (realsense2_camera) JobQueued: {'identifier': 'realsense2_camera', 'dependencies': OrderedDict({'realsense2_camera_msgs': '/workspaces/isaac_ros-dev/install/realsense2_camera_msgs'})}
[0.000182] (realsense2_description) JobQueued: {'identifier': 'realsense2_description', 'dependencies': OrderedDict({'realsense2_camera_msgs': '/workspaces/isaac_ros-dev/install/realsense2_camera_msgs'})}
[0.000200] (realsense2_camera_msgs) JobStarted: {'identifier': 'realsense2_camera_msgs'}
[0.007451] (realsense2_camera_msgs) JobProgress: {'identifier': 'realsense2_camera_msgs', 'progress': 'cmake'}
[0.008067] (realsense2_camera_msgs) Command: {'cmd': ['/usr/bin/cmake', '/workspaces/isaac_ros-dev/src/realsense2_camera_msgs', '-DUSE_LIFECYCLE_NODE=OFF', '-DCMAKE_INSTALL_PREFIX=/workspaces/isaac_ros-dev/install/realsense2_camera_msgs'], 'cwd': '/workspaces/isaac_ros-dev/build/realsense2_camera_msgs', 'env': OrderedDict({'LESSOPEN': '| /usr/bin/lesspipe %s', 'NVIDIA_CTK_LIBCUDA_DIR': '/usr/lib/x86_64-linux-gnu', 'USER': 'fred', 'HOSTNAME': 'fredDesktop', 'SHLVL': '1', 'LD_LIBRARY_PATH': '/opt/ros/jazzy/lib/x86_64-linux-gnu:/opt/ros/jazzy/lib', 'HOME': '/home/admin', 'HOST_USER_GID': '1000', 'ROS_PYTHON_VERSION': '3', 'LC_CTYPE': 'C.UTF-8', 'COLORTERM': 'truecolor', 'ROS_DISTRO': 'jazzy', 'FORCE_COLOR': 'true', '_': '/usr/bin/colcon', 'ROS_VERSION': '2', 'NVIDIA_DRIVER_CAPABILITIES': 'all', 'USERNAME': 'admin', 'TERM': 'xterm-256color', 'ISAAC_ROS_WS': '/workspaces/isaac_ros-dev', 'PATH': '/home/admin/.local/bin:/opt/ros/jazzy/bin:/usr/local/nvidia/bin:/usr/local/cuda/bin:/usr/src/tensorrt/bin:/usr/local/sbin:/usr/local/bin:/usr/sbin:/usr/bin:/sbin:/bin', 'HOST_USER_UID': '1000', 'DISPLAY': ':1', 'LS_COLORS': 'rs=0:di=01;34:ln=01;36:mh=00:pi=40;33:so=01;35:do=01;35:bd=40;33;01:cd=40;33;01:or=40;31;01:mi=00:su=37;41:sg=30;43:ca=00:tw=30;42:ow=34;42:st=37;44:ex=01;32:*.tar=01;31:*.tgz=01;31:*.arc=01;31:*.arj=01;31:*.taz=01;31:*.lha=01;31:*.lz4=01;31:*.lzh=01;31:*.lzma=01;31:*.tlz=01;31:*.txz=01;31:*.tzo=01;31:*.t7z=01;31:*.zip=01;31:*.z=01;31:*.dz=01;31:*.gz=01;31:*.lrz=01;31:*.lz=01;31:*.lzo=01;31:*.xz=01;31:*.zst=01;31:*.tzst=01;31:*.bz2=01;31:*.bz=01;31:*.tbz=01;31:*.tbz2=01;31:*.tz=01;31:*.deb=01;31:*.rpm=01;31:*.jar=01;31:*.war=01;31:*.ear=01;31:*.sar=01;31:*.rar=01;31:*.alz=01;31:*.ace=01;31:*.zoo=01;31:*.cpio=01;31:*.7z=01;31:*.rz=01;31:*.cab=01;31:*.wim=01;31:*.swm=01;31:*.dwm=01;31:*.esd=01;31:*.avif=01;35:*.jpg=01;35:*.jpeg=01;35:*.mjpg=01;35:*.mjpeg=01;35:*.gif=01;35:*.bmp=01;35:*.pbm=01;35:*.pgm=01;35:*.ppm=01;35:*.tga=01;35:*.xbm=01;35:*.xpm=01;35:*.tif=01;35:*.tiff=01;35:*.png=01;35:*.svg=01;35:*.svgz=01;35:*.mng=01;35:*.pcx=01;35:*.mov=01;35:*.mpg=01;35:*.mpeg=01;35:*.m2v=01;35:*.mkv=01;35:*.webm=01;35:*.webp=01;35:*.ogm=01;35:*.mp4=01;35:*.m4v=01;35:*.mp4v=01;35:*.vob=01;35:*.qt=01;35:*.nuv=01;35:*.wmv=01;35:*.asf=01;35:*.rm=01;35:*.rmvb=01;35:*.flc=01;35:*.avi=01;35:*.fli=01;35:*.flv=01;35:*.gl=01;35:*.dl=01;35:*.xcf=01;35:*.xwd=01;35:*.yuv=01;35:*.cgm=01;35:*.emf=01;35:*.ogv=01;35:*.ogx=01;35:*.aac=00;36:*.au=00;36:*.flac=00;36:*.m4a=00;36:*.mid=00;36:*.midi=00;36:*.mka=00;36:*.mp3=00;36:*.mpc=00;36:*.ogg=00;36:*.ra=00;36:*.wav=00;36:*.oga=00;36:*.opus=00;36:*.spx=00;36:*.xspf=00;36:*~=00;90:*#=00;90:*.bak=00;90:*.crdownload=00;90:*.dpkg-dist=00;90:*.dpkg-new=00;90:*.dpkg-old=00;90:*.dpkg-tmp=00;90:*.old=00;90:*.orig=00;90:*.part=00;90:*.rej=00;90:*.rpmnew=00;90:*.rpmorig=00;90:*.rpmsave=00;90:*.swp=00;90:*.tmp=00;90:*.ucf-dist=00;90:*.ucf-new=00;90:*.ucf-old=00;90:', 'ROS_ROOT': '/opt/ros/jazzy', 'AMENT_PREFIX_PATH': '/opt/ros/jazzy', 'DEBIAN_FRONTEND': 'noninteractive', 'SHELL': '/bin/bash', 'LESSCLOSE': '/usr/bin/lesspipe %s %s', 'ROS_AUTOMATIC_DISCOVERY_RANGE': 'SUBNET', 'PWD': '/workspaces/isaac_ros-dev/build/realsense2_camera_msgs', 'ISAAC_ROS_PLATFORM': 'amd64', 'PYTHONPATH': '/opt/ros/jazzy/lib/python3.12/site-packages', 'NVIDIA_VISIBLE_DEVICES': 'void', 'COLCON': '1', 'CMAKE_PREFIX_PATH': '/opt/ros/jazzy'}), 'shell': False}
[0.057370] (realsense2_camera_msgs) StdoutLine: {'line': b'-- The C compiler identification is GNU 13.3.0\n'}
[0.099521] (-) TimerEvent: {}
[0.107854] (realsense2_camera_msgs) StdoutLine: {'line': b'-- The CXX compiler identification is GNU 13.3.0\n'}
[0.121988] (realsense2_camera_msgs) StdoutLine: {'line': b'-- Detecting C compiler ABI info\n'}
[0.196269] (realsense2_camera_msgs) StdoutLine: {'line': b'-- Detecting C compiler ABI info - done\n'}
[0.199579] (-) TimerEvent: {}
[0.204447] (realsense2_camera_msgs) StdoutLine: {'line': b'-- Check for working C compiler: /usr/bin/cc - skipped\n'}
[0.204675] (realsense2_camera_msgs) StdoutLine: {'line': b'-- Detecting C compile features\n'}
[0.205020] (realsense2_camera_msgs) StdoutLine: {'line': b'-- Detecting C compile features - done\n'}
[0.213330] (realsense2_camera_msgs) StdoutLine: {'line': b'-- Detecting CXX compiler ABI info\n'}
[0.299685] (-) TimerEvent: {}
[0.302126] (realsense2_camera_msgs) StdoutLine: {'line': b'-- Detecting CXX compiler ABI info - done\n'}
[0.310773] (realsense2_camera_msgs) StdoutLine: {'line': b'-- Check for working CXX compiler: /usr/bin/c++ - skipped\n'}
[0.311030] (realsense2_camera_msgs) StdoutLine: {'line': b'-- Detecting CXX compile features\n'}
[0.311501] (realsense2_camera_msgs) StdoutLine: {'line': b'-- Detecting CXX compile features - done\n'}
[0.313779] (realsense2_camera_msgs) StdoutLine: {'line': b'-- Found ament_cmake: 2.5.6 (/opt/ros/jazzy/share/ament_cmake/cmake)\n'}
[0.399768] (-) TimerEvent: {}
[0.420596] (realsense2_camera_msgs) StdoutLine: {'line': b'-- Found Python3: /usr/bin/python3 (found version "3.12.3") found components: Interpreter \n'}
[0.499874] (-) TimerEvent: {}
[0.510817] (realsense2_camera_msgs) StdoutLine: {'line': b'-- Found rosidl_default_generators: 1.6.0 (/opt/ros/jazzy/share/rosidl_default_generators/cmake)\n'}
[0.515078] (realsense2_camera_msgs) StdoutLine: {'line': b'-- Using all available rosidl_typesupport_c: rosidl_typesupport_fastrtps_c;rosidl_typesupport_introspection_c\n'}
[0.559854] (realsense2_camera_msgs) StdoutLine: {'line': b'-- Using all available rosidl_typesupport_cpp: rosidl_typesupport_fastrtps_cpp;rosidl_typesupport_introspection_cpp\n'}
[0.599966] (-) TimerEvent: {}
[0.602254] (realsense2_camera_msgs) StdoutLine: {'line': b'-- Found rosidl_adapter: 4.6.7 (/opt/ros/jazzy/share/rosidl_adapter/cmake)\n'}
[0.605240] (realsense2_camera_msgs) StdoutLine: {'line': b'-- Found builtin_interfaces: 2.0.3 (/opt/ros/jazzy/share/builtin_interfaces/cmake)\n'}
[0.619250] (realsense2_camera_msgs) StdoutLine: {'line': b'-- Found std_msgs: 5.3.7 (/opt/ros/jazzy/share/std_msgs/cmake)\n'}
[0.635324] (realsense2_camera_msgs) StdoutLine: {'line': b'-- Found sensor_msgs: 5.3.7 (/opt/ros/jazzy/share/sensor_msgs/cmake)\n'}
[0.700054] (-) TimerEvent: {}
[0.800297] (-) TimerEvent: {}
[0.900587] (-) TimerEvent: {}
[1.000861] (-) TimerEvent: {}
[1.101170] (-) TimerEvent: {}
[1.201449] (-) TimerEvent: {}
[1.203010] (realsense2_camera_msgs) StdoutLine: {'line': b'-- Found ament_cmake_cppcheck: 0.17.5 (/opt/ros/jazzy/share/ament_cmake_cppcheck/cmake)\n'}
[1.205402] (realsense2_camera_msgs) StdoutLine: {'line': b'-- Found ament_cmake_cpplint: 0.17.5 (/opt/ros/jazzy/share/ament_cmake_cpplint/cmake)\n'}
[1.207649] (realsense2_camera_msgs) StdoutLine: {'line': b'-- Found ament_cmake_uncrustify: 0.17.5 (/opt/ros/jazzy/share/ament_cmake_uncrustify/cmake)\n'}
[1.209835] (realsense2_camera_msgs) StdoutLine: {'line': b'-- Found ament_cmake_ros: 0.12.0 (/opt/ros/jazzy/share/ament_cmake_ros/cmake)\n'}
[1.301547] (-) TimerEvent: {}
[1.401825] (-) TimerEvent: {}
[1.502057] (-) TimerEvent: {}
[1.602284] (-) TimerEvent: {}
[1.662756] (realsense2_camera_msgs) StdoutLine: {'line': b'-- Using all available rosidl_typesupport_c: rosidl_typesupport_fastrtps_c;rosidl_typesupport_introspection_c\n'}
[1.702376] (-) TimerEvent: {}
[1.802638] (-) TimerEvent: {}
[1.902953] (-) TimerEvent: {}
[2.003391] (-) TimerEvent: {}
[2.103636] (-) TimerEvent: {}
[2.203848] (-) TimerEvent: {}
[2.259115] (realsense2_camera_msgs) StdoutLine: {'line': b'-- Using all available rosidl_typesupport_cpp: rosidl_typesupport_fastrtps_cpp;rosidl_typesupport_introspection_cpp\n'}
[2.262666] (realsense2_camera_msgs) StdoutLine: {'line': b'-- Found python_cmake_module: 0.11.1 (/opt/ros/jazzy/share/python_cmake_module/cmake)\n'}
[2.303936] (-) TimerEvent: {}
[2.364428] (realsense2_camera_msgs) StdoutLine: {'line': b'-- Found PythonExtra: /usr/bin/python3  \n'}
[2.404023] (-) TimerEvent: {}
[2.504238] (-) TimerEvent: {}
[2.604446] (-) TimerEvent: {}
[2.704680] (-) TimerEvent: {}
[2.729437] (realsense2_camera_msgs) StdoutLine: {'line': b'-- Found Python3: /usr/bin/python3 (found version "3.12.3") found components: Interpreter Development NumPy Development.Module Development.Embed \n'}
[2.796392] (realsense2_camera_msgs) StdoutLine: {'line': b'-- Found ament_cmake_flake8: 0.17.5 (/opt/ros/jazzy/share/ament_cmake_flake8/cmake)\n'}
[2.798244] (realsense2_camera_msgs) StdoutLine: {'line': b'-- Found ament_cmake_pep257: 0.17.5 (/opt/ros/jazzy/share/ament_cmake_pep257/cmake)\n'}
[2.804741] (-) TimerEvent: {}
[2.856866] (realsense2_camera_msgs) StdoutLine: {'line': b'-- Found Python3: /usr/bin/python3 (found version "3.12.3") found components: Interpreter \n'}
[2.865073] (realsense2_camera_msgs) StdoutLine: {'line': b'-- Configuring done (2.8s)\n'}
[2.904843] (-) TimerEvent: {}
[2.918592] (realsense2_camera_msgs) StdoutLine: {'line': b'-- Generating done (0.0s)\n'}
[2.921858] (realsense2_camera_msgs) StderrLine: {'line': b'\x1b[33mCMake Warning:\n'}
[2.922029] (realsense2_camera_msgs) StderrLine: {'line': b'  Manually-specified variables were not used by the project:\n'}
[2.922127] (realsense2_camera_msgs) StderrLine: {'line': b'\n'}
[2.922198] (realsense2_camera_msgs) StderrLine: {'line': b'    USE_LIFECYCLE_NODE\n'}
[2.922255] (realsense2_camera_msgs) StderrLine: {'line': b'\n'}
[2.922310] (realsense2_camera_msgs) StderrLine: {'line': b'\x1b[0m\n'}
[2.932389] (realsense2_camera_msgs) StdoutLine: {'line': b'-- Build files have been written to: /workspaces/isaac_ros-dev/build/realsense2_camera_msgs\n'}
[2.942954] (realsense2_camera_msgs) CommandEnded: {'returncode': 0}
[2.943365] (realsense2_camera_msgs) JobProgress: {'identifier': 'realsense2_camera_msgs', 'progress': 'build'}
[2.943998] (realsense2_camera_msgs) Command: {'cmd': ['/usr/bin/cmake', '--build', '/workspaces/isaac_ros-dev/build/realsense2_camera_msgs', '--', '-j16', '-l16'], 'cwd': '/workspaces/isaac_ros-dev/build/realsense2_camera_msgs', 'env': OrderedDict({'LESSOPEN': '| /usr/bin/lesspipe %s', 'NVIDIA_CTK_LIBCUDA_DIR': '/usr/lib/x86_64-linux-gnu', 'USER': 'fred', 'HOSTNAME': 'fredDesktop', 'SHLVL': '1', 'LD_LIBRARY_PATH': '/opt/ros/jazzy/lib/x86_64-linux-gnu:/opt/ros/jazzy/lib', 'HOME': '/home/admin', 'HOST_USER_GID': '1000', 'ROS_PYTHON_VERSION': '3', 'LC_CTYPE': 'C.UTF-8', 'COLORTERM': 'truecolor', 'ROS_DISTRO': 'jazzy', 'FORCE_COLOR': 'true', '_': '/usr/bin/colcon', 'ROS_VERSION': '2', 'NVIDIA_DRIVER_CAPABILITIES': 'all', 'USERNAME': 'admin', 'TERM': 'xterm-256color', 'ISAAC_ROS_WS': '/workspaces/isaac_ros-dev', 'PATH': '/home/admin/.local/bin:/opt/ros/jazzy/bin:/usr/local/nvidia/bin:/usr/local/cuda/bin:/usr/src/tensorrt/bin:/usr/local/sbin:/usr/local/bin:/usr/sbin:/usr/bin:/sbin:/bin', 'HOST_USER_UID': '1000', 'DISPLAY': ':1', 'LS_COLORS': 'rs=0:di=01;34:ln=01;36:mh=00:pi=40;33:so=01;35:do=01;35:bd=40;33;01:cd=40;33;01:or=40;31;01:mi=00:su=37;41:sg=30;43:ca=00:tw=30;42:ow=34;42:st=37;44:ex=01;32:*.tar=01;31:*.tgz=01;31:*.arc=01;31:*.arj=01;31:*.taz=01;31:*.lha=01;31:*.lz4=01;31:*.lzh=01;31:*.lzma=01;31:*.tlz=01;31:*.txz=01;31:*.tzo=01;31:*.t7z=01;31:*.zip=01;31:*.z=01;31:*.dz=01;31:*.gz=01;31:*.lrz=01;31:*.lz=01;31:*.lzo=01;31:*.xz=01;31:*.zst=01;31:*.tzst=01;31:*.bz2=01;31:*.bz=01;31:*.tbz=01;31:*.tbz2=01;31:*.tz=01;31:*.deb=01;31:*.rpm=01;31:*.jar=01;31:*.war=01;31:*.ear=01;31:*.sar=01;31:*.rar=01;31:*.alz=01;31:*.ace=01;31:*.zoo=01;31:*.cpio=01;31:*.7z=01;31:*.rz=01;31:*.cab=01;31:*.wim=01;31:*.swm=01;31:*.dwm=01;31:*.esd=01;31:*.avif=01;35:*.jpg=01;35:*.jpeg=01;35:*.mjpg=01;35:*.mjpeg=01;35:*.gif=01;35:*.bmp=01;35:*.pbm=01;35:*.pgm=01;35:*.ppm=01;35:*.tga=01;35:*.xbm=01;35:*.xpm=01;35:*.tif=01;35:*.tiff=01;35:*.png=01;35:*.svg=01;35:*.svgz=01;35:*.mng=01;35:*.pcx=01;35:*.mov=01;35:*.mpg=01;35:*.mpeg=01;35:*.m2v=01;35:*.mkv=01;35:*.webm=01;35:*.webp=01;35:*.ogm=01;35:*.mp4=01;35:*.m4v=01;35:*.mp4v=01;35:*.vob=01;35:*.qt=01;35:*.nuv=01;35:*.wmv=01;35:*.asf=01;35:*.rm=01;35:*.rmvb=01;35:*.flc=01;35:*.avi=01;35:*.fli=01;35:*.flv=01;35:*.gl=01;35:*.dl=01;35:*.xcf=01;35:*.xwd=01;35:*.yuv=01;35:*.cgm=01;35:*.emf=01;35:*.ogv=01;35:*.ogx=01;35:*.aac=00;36:*.au=00;36:*.flac=00;36:*.m4a=00;36:*.mid=00;36:*.midi=00;36:*.mka=00;36:*.mp3=00;36:*.mpc=00;36:*.ogg=00;36:*.ra=00;36:*.wav=00;36:*.oga=00;36:*.opus=00;36:*.spx=00;36:*.xspf=00;36:*~=00;90:*#=00;90:*.bak=00;90:*.crdownload=00;90:*.dpkg-dist=00;90:*.dpkg-new=00;90:*.dpkg-old=00;90:*.dpkg-tmp=00;90:*.old=00;90:*.orig=00;90:*.part=00;90:*.rej=00;90:*.rpmnew=00;90:*.rpmorig=00;90:*.rpmsave=00;90:*.swp=00;90:*.tmp=00;90:*.ucf-dist=00;90:*.ucf-new=00;90:*.ucf-old=00;90:', 'ROS_ROOT': '/opt/ros/jazzy', 'AMENT_PREFIX_PATH': '/opt/ros/jazzy', 'DEBIAN_FRONTEND': 'noninteractive', 'SHELL': '/bin/bash', 'LESSCLOSE': '/usr/bin/lesspipe %s %s', 'ROS_AUTOMATIC_DISCOVERY_RANGE': 'SUBNET', 'PWD': '/workspaces/isaac_ros-dev/build/realsense2_camera_msgs', 'ISAAC_ROS_PLATFORM': 'amd64', 'PYTHONPATH': '/opt/ros/jazzy/lib/python3.12/site-packages', 'NVIDIA_VISIBLE_DEVICES': 'void', 'COLCON': '1', 'CMAKE_PREFIX_PATH': '/opt/ros/jazzy'}), 'shell': False}
[2.990222] (realsense2_camera_msgs) StdoutLine: {'line': b'[  2%] \x1b[34m\x1b[1mGenerating type hashes for ROS interfaces\x1b[0m\n'}
[2.990392] (realsense2_camera_msgs) StdoutLine: {'line': b'[  2%] \x1b[34m\x1b[1mGenerating Rust code for ROS interfaces\x1b[0m\n'}
[2.996933] (realsense2_camera_msgs) StdoutLine: {'line': b'[  2%] Built target ament_cmake_python_copy_realsense2_camera_msgs\n'}
[3.004928] (-) TimerEvent: {}
[3.105142] (-) TimerEvent: {}
[3.178462] (realsense2_camera_msgs) StdoutLine: {'line': b'running egg_info\n'}
[3.179237] (realsense2_camera_msgs) StdoutLine: {'line': b'creating realsense2_camera_msgs.egg-info\n'}
[3.195755] (realsense2_camera_msgs) StdoutLine: {'line': b'writing realsense2_camera_msgs.egg-info/PKG-INFO\n'}
[3.195956] (realsense2_camera_msgs) StdoutLine: {'line': b'writing dependency_links to realsense2_camera_msgs.egg-info/dependency_links.txt\n'}
[3.196084] (realsense2_camera_msgs) StdoutLine: {'line': b'writing top-level names to realsense2_camera_msgs.egg-info/top_level.txt\n'}
[3.196229] (realsense2_camera_msgs) StdoutLine: {'line': b"writing manifest file 'realsense2_camera_msgs.egg-info/SOURCES.txt'\n"}
[3.205210] (-) TimerEvent: {}
[3.246332] (realsense2_camera_msgs) StdoutLine: {'line': b"reading manifest file 'realsense2_camera_msgs.egg-info/SOURCES.txt'\n"}
[3.246780] (realsense2_camera_msgs) StdoutLine: {'line': b"writing manifest file 'realsense2_camera_msgs.egg-info/SOURCES.txt'\n"}
[3.272424] (realsense2_camera_msgs) StdoutLine: {'line': b'[  2%] Built target realsense2_camera_msgs__rosidl_generator_type_description\n'}
[3.274483] (realsense2_camera_msgs) StdoutLine: {'line': b'[  2%] Built target ament_cmake_python_build_realsense2_camera_msgs_egg\n'}
[3.282750] (realsense2_camera_msgs) StdoutLine: {'line': b'[  4%] \x1b[34m\x1b[1mGenerating C code for ROS interfaces\x1b[0m\n'}
[3.285611] (realsense2_camera_msgs) StdoutLine: {'line': b'[  4%] Built target realsense2_camera_msgs__rs\n'}
[3.292179] (realsense2_camera_msgs) StdoutLine: {'line': b'[  5%] \x1b[34m\x1b[1mGenerating C++ code for ROS interfaces\x1b[0m\n'}
[3.305290] (-) TimerEvent: {}
[3.405485] (-) TimerEvent: {}
[3.505737] (-) TimerEvent: {}
[3.605968] (-) TimerEvent: {}
[3.706213] (-) TimerEvent: {}
[3.710486] (realsense2_camera_msgs) StdoutLine: {'line': b'[  5%] Built target realsense2_camera_msgs__cpp\n'}
[3.792788] (realsense2_camera_msgs) StdoutLine: {'line': b'[  8%] \x1b[32mBuilding C object CMakeFiles/realsense2_camera_msgs__rosidl_generator_c.dir/rosidl_generator_c/realsense2_camera_msgs/msg/detail/extrinsics__functions.c.o\x1b[0m\n'}
[3.793189] (realsense2_camera_msgs) StdoutLine: {'line': b'[  8%] \x1b[32mBuilding C object CMakeFiles/realsense2_camera_msgs__rosidl_generator_c.dir/rosidl_generator_c/realsense2_camera_msgs/msg/detail/imu_info__functions.c.o\x1b[0m\n'}
[3.793330] (realsense2_camera_msgs) StdoutLine: {'line': b'[ 10%] \x1b[32mBuilding C object CMakeFiles/realsense2_camera_msgs__rosidl_generator_c.dir/rosidl_generator_c/realsense2_camera_msgs/msg/detail/metadata__description.c.o\x1b[0m\n'}
[3.793430] (realsense2_camera_msgs) StdoutLine: {'line': b'[ 12%] \x1b[32mBuilding C object CMakeFiles/realsense2_camera_msgs__rosidl_generator_c.dir/rosidl_generator_c/realsense2_camera_msgs/msg/detail/metadata__functions.c.o\x1b[0m\n'}
[3.793520] (realsense2_camera_msgs) StdoutLine: {'line': b'[ 12%] \x1b[32mBuilding C object CMakeFiles/realsense2_camera_msgs__rosidl_generator_c.dir/rosidl_generator_c/realsense2_camera_msgs/msg/detail/extrinsics__type_support.c.o\x1b[0m\n'}
[3.795549] (realsense2_camera_msgs) StdoutLine: {'line': b'[ 14%] \x1b[32mBuilding C object CMakeFiles/realsense2_camera_msgs__rosidl_generator_c.dir/rosidl_generator_c/realsense2_camera_msgs/msg/detail/metadata__type_support.c.o\x1b[0m\n'}
[3.795716] (realsense2_camera_msgs) StdoutLine: {'line': b'[ 14%] \x1b[32mBuilding C object CMakeFiles/realsense2_camera_msgs__rosidl_generator_c.dir/rosidl_generator_c/realsense2_camera_msgs/msg/detail/rgbd__type_support.c.o\x1b[0m\n'}
[3.796029] (realsense2_camera_msgs) StdoutLine: {'line': b'[ 16%] \x1b[32mBuilding C object CMakeFiles/realsense2_camera_msgs__rosidl_generator_c.dir/rosidl_generator_c/realsense2_camera_msgs/msg/detail/extrinsics__description.c.o\x1b[0m\n'}
[3.796286] (realsense2_camera_msgs) StdoutLine: {'line': b'[ 18%] \x1b[32mBuilding C object CMakeFiles/realsense2_camera_msgs__rosidl_generator_c.dir/rosidl_generator_c/realsense2_camera_msgs/msg/detail/rgbd__description.c.o\x1b[0m\n'}
[3.796396] (realsense2_camera_msgs) StdoutLine: {'line': b'[ 18%] \x1b[32mBuilding C object CMakeFiles/realsense2_camera_msgs__rosidl_generator_c.dir/rosidl_generator_c/realsense2_camera_msgs/msg/detail/imu_info__type_support.c.o\x1b[0m\n'}
[3.797890] (realsense2_camera_msgs) StdoutLine: {'line': b'[ 21%] \x1b[32mBuilding C object CMakeFiles/realsense2_camera_msgs__rosidl_generator_c.dir/rosidl_generator_c/realsense2_camera_msgs/msg/detail/imu_info__description.c.o\x1b[0m\n'}
[3.798008] (realsense2_camera_msgs) StdoutLine: {'line': b'[ 21%] \x1b[32mBuilding C object CMakeFiles/realsense2_camera_msgs__rosidl_generator_c.dir/rosidl_generator_c/realsense2_camera_msgs/msg/detail/rgbd__functions.c.o\x1b[0m\n'}
[3.798353] (realsense2_camera_msgs) StdoutLine: {'line': b'[ 22%] \x1b[32mBuilding C object CMakeFiles/realsense2_camera_msgs__rosidl_generator_c.dir/rosidl_generator_c/realsense2_camera_msgs/srv/detail/device_info__type_support.c.o\x1b[0m\n'}
[3.802169] (realsense2_camera_msgs) StdoutLine: {'line': b'[ 24%] \x1b[32mBuilding C object CMakeFiles/realsense2_camera_msgs__rosidl_generator_c.dir/rosidl_generator_c/realsense2_camera_msgs/srv/detail/device_info__functions.c.o\x1b[0m\n'}
[3.803483] (realsense2_camera_msgs) StdoutLine: {'line': b'[ 25%] \x1b[32mBuilding C object CMakeFiles/realsense2_camera_msgs__rosidl_generator_c.dir/rosidl_generator_c/realsense2_camera_msgs/srv/detail/device_info__description.c.o\x1b[0m\n'}
[3.806470] (-) TimerEvent: {}
[3.889236] (realsense2_camera_msgs) StdoutLine: {'line': b'[ 26%] \x1b[32m\x1b[1mLinking C shared library librealsense2_camera_msgs__rosidl_generator_c.so\x1b[0m\n'}
[3.906564] (-) TimerEvent: {}
[3.929033] (realsense2_camera_msgs) StdoutLine: {'line': b'[ 26%] Built target realsense2_camera_msgs__rosidl_generator_c\n'}
[3.938402] (realsense2_camera_msgs) StdoutLine: {'line': b'[ 34%] \x1b[34m\x1b[1mGenerating C introspection for ROS interfaces\x1b[0m\n'}
[3.938600] (realsense2_camera_msgs) StdoutLine: {'line': b'[ 34%] \x1b[34m\x1b[1mGenerating C++ introspection for ROS interfaces\x1b[0m\n'}
[3.938701] (realsense2_camera_msgs) StdoutLine: {'line': b'[ 34%] \x1b[34m\x1b[1mGenerating C type support for eProsima Fast-RTPS\x1b[0m\n'}
[3.938795] (realsense2_camera_msgs) StdoutLine: {'line': b'[ 34%] \x1b[34m\x1b[1mGenerating C++ type support dispatch for ROS interfaces\x1b[0m\n'}
[3.938881] (realsense2_camera_msgs) StdoutLine: {'line': b'[ 34%] \x1b[34m\x1b[1mGenerating C++ type support for eProsima Fast-RTPS\x1b[0m\n'}
[3.938970] (realsense2_camera_msgs) StdoutLine: {'line': b'[ 34%] \x1b[34m\x1b[1mGenerating C type support dispatch for ROS interfaces\x1b[0m\n'}
[4.006657] (-) TimerEvent: {}
[4.106904] (-) TimerEvent: {}
[4.207157] (-) TimerEvent: {}
[4.268105] (realsense2_camera_msgs) StdoutLine: {'line': b'[ 36%] \x1b[32mBuilding CXX object CMakeFiles/realsense2_camera_msgs__rosidl_typesupport_c.dir/rosidl_typesupport_c/realsense2_camera_msgs/msg/extrinsics__type_support.cpp.o\x1b[0m\n'}
[4.269872] (realsense2_camera_msgs) StdoutLine: {'line': b'[ 37%] \x1b[32mBuilding CXX object CMakeFiles/realsense2_camera_msgs__rosidl_typesupport_c.dir/rosidl_typesupport_c/realsense2_camera_msgs/msg/imu_info__type_support.cpp.o\x1b[0m\n'}
[4.270084] (realsense2_camera_msgs) StdoutLine: {'line': b'[ 38%] \x1b[32mBuilding CXX object CMakeFiles/realsense2_camera_msgs__rosidl_typesupport_cpp.dir/rosidl_typesupport_cpp/realsense2_camera_msgs/srv/device_info__type_support.cpp.o\x1b[0m\n'}
[4.270201] (realsense2_camera_msgs) StdoutLine: {'line': b'[ 40%] \x1b[32mBuilding CXX object CMakeFiles/realsense2_camera_msgs__rosidl_typesupport_cpp.dir/rosidl_typesupport_cpp/realsense2_camera_msgs/msg/extrinsics__type_support.cpp.o\x1b[0m\n'}
[4.270289] (realsense2_camera_msgs) StdoutLine: {'line': b'[ 41%] \x1b[32mBuilding CXX object CMakeFiles/realsense2_camera_msgs__rosidl_typesupport_c.dir/rosidl_typesupport_c/realsense2_camera_msgs/msg/rgbd__type_support.cpp.o\x1b[0m\n'}
[4.270365] (realsense2_camera_msgs) StdoutLine: {'line': b'[ 44%] \x1b[32mBuilding CXX object CMakeFiles/realsense2_camera_msgs__rosidl_typesupport_c.dir/rosidl_typesupport_c/realsense2_camera_msgs/srv/device_info__type_support.cpp.o\x1b[0m\n'}
[4.270488] (realsense2_camera_msgs) StdoutLine: {'line': b'[ 44%] \x1b[32mBuilding CXX object CMakeFiles/realsense2_camera_msgs__rosidl_typesupport_c.dir/rosidl_typesupport_c/realsense2_camera_msgs/msg/metadata__type_support.cpp.o\x1b[0m\n'}
[4.271039] (realsense2_camera_msgs) StdoutLine: {'line': b'[ 45%] \x1b[32mBuilding CXX object CMakeFiles/realsense2_camera_msgs__rosidl_typesupport_cpp.dir/rosidl_typesupport_cpp/realsense2_camera_msgs/msg/metadata__type_support.cpp.o\x1b[0m\n'}
[4.276296] (realsense2_camera_msgs) StdoutLine: {'line': b'[ 46%] \x1b[32mBuilding CXX object CMakeFiles/realsense2_camera_msgs__rosidl_typesupport_cpp.dir/rosidl_typesupport_cpp/realsense2_camera_msgs/msg/rgbd__type_support.cpp.o\x1b[0m\n'}
[4.276493] (realsense2_camera_msgs) StdoutLine: {'line': b'[ 48%] \x1b[32mBuilding CXX object CMakeFiles/realsense2_camera_msgs__rosidl_typesupport_cpp.dir/rosidl_typesupport_cpp/realsense2_camera_msgs/msg/imu_info__type_support.cpp.o\x1b[0m\n'}
[4.308153] (-) TimerEvent: {}
[4.351105] (realsense2_camera_msgs) StdoutLine: {'line': b'[ 49%] \x1b[32m\x1b[1mLinking CXX shared library librealsense2_camera_msgs__rosidl_typesupport_c.so\x1b[0m\n'}
[4.364730] (realsense2_camera_msgs) StdoutLine: {'line': b'[ 50%] \x1b[32mBuilding CXX object CMakeFiles/realsense2_camera_msgs__rosidl_typesupport_introspection_cpp.dir/rosidl_typesupport_introspection_cpp/realsense2_camera_msgs/msg/detail/extrinsics__type_support.cpp.o\x1b[0m\n'}
[4.365809] (realsense2_camera_msgs) StdoutLine: {'line': b'[ 52%] \x1b[32mBuilding CXX object CMakeFiles/realsense2_camera_msgs__rosidl_typesupport_introspection_cpp.dir/rosidl_typesupport_introspection_cpp/realsense2_camera_msgs/msg/detail/imu_info__type_support.cpp.o\x1b[0m\n'}
[4.371050] (realsense2_camera_msgs) StdoutLine: {'line': b'[ 54%] \x1b[32mBuilding CXX object CMakeFiles/realsense2_camera_msgs__rosidl_typesupport_introspection_cpp.dir/rosidl_typesupport_introspection_cpp/realsense2_camera_msgs/msg/detail/metadata__type_support.cpp.o\x1b[0m\n'}
[4.371327] (realsense2_camera_msgs) StdoutLine: {'line': b'[ 54%] \x1b[32mBuilding CXX object CMakeFiles/realsense2_camera_msgs__rosidl_typesupport_introspection_cpp.dir/rosidl_typesupport_introspection_cpp/realsense2_camera_msgs/srv/detail/device_info__type_support.cpp.o\x1b[0m\n'}
[4.371913] (realsense2_camera_msgs) StdoutLine: {'line': b'[ 56%] \x1b[32mBuilding CXX object CMakeFiles/realsense2_camera_msgs__rosidl_typesupport_introspection_cpp.dir/rosidl_typesupport_introspection_cpp/realsense2_camera_msgs/msg/detail/rgbd__type_support.cpp.o\x1b[0m\n'}
[4.388198] (realsense2_camera_msgs) StdoutLine: {'line': b'[ 57%] \x1b[32mBuilding C object CMakeFiles/realsense2_camera_msgs__rosidl_typesupport_introspection_c.dir/rosidl_typesupport_introspection_c/realsense2_camera_msgs/msg/detail/imu_info__type_support.c.o\x1b[0m\n'}
[4.403613] (realsense2_camera_msgs) StdoutLine: {'line': b'[ 58%] \x1b[32mBuilding C object CMakeFiles/realsense2_camera_msgs__rosidl_typesupport_introspection_c.dir/rosidl_typesupport_introspection_c/realsense2_camera_msgs/msg/detail/metadata__type_support.c.o\x1b[0m\n'}
[4.403833] (realsense2_camera_msgs) StdoutLine: {'line': b'[ 60%] \x1b[32mBuilding C object CMakeFiles/realsense2_camera_msgs__rosidl_typesupport_introspection_c.dir/rosidl_typesupport_introspection_c/realsense2_camera_msgs/msg/detail/extrinsics__type_support.c.o\x1b[0m\n'}
[4.408232] (-) TimerEvent: {}
[4.429184] (realsense2_camera_msgs) StdoutLine: {'line': b'[ 60%] Built target realsense2_camera_msgs__rosidl_typesupport_c\n'}
[4.450845] (realsense2_camera_msgs) StdoutLine: {'line': b'[ 61%] \x1b[32mBuilding C object CMakeFiles/realsense2_camera_msgs__rosidl_typesupport_introspection_c.dir/rosidl_typesupport_introspection_c/realsense2_camera_msgs/srv/detail/device_info__type_support.c.o\x1b[0m\n'}
[4.453023] (realsense2_camera_msgs) StdoutLine: {'line': b'[ 62%] \x1b[32mBuilding C object CMakeFiles/realsense2_camera_msgs__rosidl_typesupport_introspection_c.dir/rosidl_typesupport_introspection_c/realsense2_camera_msgs/msg/detail/rgbd__type_support.c.o\x1b[0m\n'}
[4.508375] (-) TimerEvent: {}
[4.539527] (realsense2_camera_msgs) StdoutLine: {'line': b'[ 64%] \x1b[32mBuilding CXX object CMakeFiles/realsense2_camera_msgs__rosidl_typesupport_fastrtps_cpp.dir/rosidl_typesupport_fastrtps_cpp/realsense2_camera_msgs/msg/detail/dds_fastrtps/extrinsics__type_support.cpp.o\x1b[0m\n'}
[4.547146] (realsense2_camera_msgs) StdoutLine: {'line': b'[ 66%] \x1b[32mBuilding CXX object CMakeFiles/realsense2_camera_msgs__rosidl_typesupport_fastrtps_cpp.dir/rosidl_typesupport_fastrtps_cpp/realsense2_camera_msgs/msg/detail/dds_fastrtps/rgbd__type_support.cpp.o\x1b[0m\n'}
[4.547448] (realsense2_camera_msgs) StdoutLine: {'line': b'[ 66%] \x1b[32mBuilding CXX object CMakeFiles/realsense2_camera_msgs__rosidl_typesupport_fastrtps_cpp.dir/rosidl_typesupport_fastrtps_cpp/realsense2_camera_msgs/msg/detail/dds_fastrtps/imu_info__type_support.cpp.o\x1b[0m\n'}
[4.554752] (realsense2_camera_msgs) StdoutLine: {'line': b'[ 68%] \x1b[32m\x1b[1mLinking C shared library librealsense2_camera_msgs__rosidl_typesupport_introspection_c.so\x1b[0m\n'}
[4.555027] (realsense2_camera_msgs) StdoutLine: {'line': b'[ 69%] \x1b[32mBuilding CXX object CMakeFiles/realsense2_camera_msgs__rosidl_typesupport_fastrtps_cpp.dir/rosidl_typesupport_fastrtps_cpp/realsense2_camera_msgs/msg/detail/dds_fastrtps/metadata__type_support.cpp.o\x1b[0m\n'}
[4.608489] (-) TimerEvent: {}
[4.649071] (realsense2_camera_msgs) StdoutLine: {'line': b'[ 69%] Built target realsense2_camera_msgs__rosidl_typesupport_introspection_c\n'}
[4.663824] (realsense2_camera_msgs) StdoutLine: {'line': b'[ 70%] \x1b[32mBuilding CXX object CMakeFiles/realsense2_camera_msgs__rosidl_typesupport_fastrtps_cpp.dir/rosidl_typesupport_fastrtps_cpp/realsense2_camera_msgs/srv/detail/dds_fastrtps/device_info__type_support.cpp.o\x1b[0m\n'}
[4.708633] (-) TimerEvent: {}
[4.810810] (-) TimerEvent: {}
[4.812902] (realsense2_camera_msgs) StdoutLine: {'line': b'[ 72%] \x1b[32mBuilding CXX object CMakeFiles/realsense2_camera_msgs__rosidl_typesupport_fastrtps_c.dir/rosidl_typesupport_fastrtps_c/realsense2_camera_msgs/msg/detail/extrinsics__type_support_c.cpp.o\x1b[0m\n'}
[4.828692] (realsense2_camera_msgs) StdoutLine: {'line': b'[ 73%] \x1b[32mBuilding CXX object CMakeFiles/realsense2_camera_msgs__rosidl_typesupport_fastrtps_c.dir/rosidl_typesupport_fastrtps_c/realsense2_camera_msgs/msg/detail/imu_info__type_support_c.cpp.o\x1b[0m\n'}
[4.828977] (realsense2_camera_msgs) StdoutLine: {'line': b'[ 74%] \x1b[32mBuilding CXX object CMakeFiles/realsense2_camera_msgs__rosidl_typesupport_fastrtps_c.dir/rosidl_typesupport_fastrtps_c/realsense2_camera_msgs/srv/detail/device_info__type_support_c.cpp.o\x1b[0m\n'}
[4.832992] (realsense2_camera_msgs) StdoutLine: {'line': b'[ 76%] \x1b[32mBuilding CXX object CMakeFiles/realsense2_camera_msgs__rosidl_typesupport_fastrtps_c.dir/rosidl_typesupport_fastrtps_c/realsense2_camera_msgs/msg/detail/metadata__type_support_c.cpp.o\x1b[0m\n'}
[4.844401] (realsense2_camera_msgs) StdoutLine: {'line': b'[ 77%] \x1b[32mBuilding CXX object CMakeFiles/realsense2_camera_msgs__rosidl_typesupport_fastrtps_c.dir/rosidl_typesupport_fastrtps_c/realsense2_camera_msgs/msg/detail/rgbd__type_support_c.cpp.o\x1b[0m\n'}
[4.911209] (-) TimerEvent: {}
[4.945050] (realsense2_camera_msgs) StdoutLine: {'line': b'[ 78%] \x1b[32m\x1b[1mLinking CXX shared library librealsense2_camera_msgs__rosidl_typesupport_cpp.so\x1b[0m\n'}
[5.011151] (realsense2_camera_msgs) StdoutLine: {'line': b'[ 80%] \x1b[32m\x1b[1mLinking CXX shared library librealsense2_camera_msgs__rosidl_typesupport_introspection_cpp.so\x1b[0m\n'}
[5.011371] (-) TimerEvent: {}
[5.034229] (realsense2_camera_msgs) StdoutLine: {'line': b'[ 80%] Built target realsense2_camera_msgs__rosidl_typesupport_cpp\n'}
[5.112201] (-) TimerEvent: {}
[5.123425] (realsense2_camera_msgs) StdoutLine: {'line': b'[ 80%] Built target realsense2_camera_msgs__rosidl_typesupport_introspection_cpp\n'}
[5.212300] (-) TimerEvent: {}
[5.312587] (-) TimerEvent: {}
[5.380617] (realsense2_camera_msgs) StdoutLine: {'line': b'[ 81%] \x1b[32m\x1b[1mLinking CXX shared library librealsense2_camera_msgs__rosidl_typesupport_fastrtps_cpp.so\x1b[0m\n'}
[5.412690] (-) TimerEvent: {}
[5.416186] (realsense2_camera_msgs) StdoutLine: {'line': b'[ 82%] \x1b[32m\x1b[1mLinking CXX shared library librealsense2_camera_msgs__rosidl_typesupport_fastrtps_c.so\x1b[0m\n'}
[5.442531] (realsense2_camera_msgs) StdoutLine: {'line': b'[ 82%] Built target realsense2_camera_msgs__rosidl_typesupport_fastrtps_cpp\n'}
[5.473878] (realsense2_camera_msgs) StdoutLine: {'line': b'[ 82%] Built target realsense2_camera_msgs__rosidl_typesupport_fastrtps_c\n'}
[5.488681] (realsense2_camera_msgs) StdoutLine: {'line': b'[ 82%] Built target realsense2_camera_msgs\n'}
[5.504112] (realsense2_camera_msgs) StdoutLine: {'line': b'[ 84%] \x1b[34m\x1b[1mGenerating Python code for ROS interfaces\x1b[0m\n'}
[5.512750] (-) TimerEvent: {}
[5.612921] (-) TimerEvent: {}
[5.713135] (-) TimerEvent: {}
[5.813337] (-) TimerEvent: {}
[5.913551] (-) TimerEvent: {}
[6.013773] (-) TimerEvent: {}
[6.090715] (realsense2_camera_msgs) StdoutLine: {'line': b'[ 84%] Built target realsense2_camera_msgs__py\n'}
[6.107483] (realsense2_camera_msgs) StdoutLine: {'line': b'[ 85%] \x1b[32mBuilding C object CMakeFiles/realsense2_camera_msgs__rosidl_generator_py.dir/rosidl_generator_py/realsense2_camera_msgs/msg/_imu_info_s.c.o\x1b[0m\n'}
[6.107688] (realsense2_camera_msgs) StdoutLine: {'line': b'[ 88%] \x1b[32mBuilding C object CMakeFiles/realsense2_camera_msgs__rosidl_generator_py.dir/rosidl_generator_py/realsense2_camera_msgs/msg/_rgbd_s.c.o\x1b[0m\n'}
[6.107772] (realsense2_camera_msgs) StdoutLine: {'line': b'[ 88%] \x1b[32mBuilding C object CMakeFiles/realsense2_camera_msgs__rosidl_generator_py.dir/rosidl_generator_py/realsense2_camera_msgs/srv/_device_info_s.c.o\x1b[0m\n'}
[6.107878] (realsense2_camera_msgs) StdoutLine: {'line': b'[ 89%] \x1b[32mBuilding C object CMakeFiles/realsense2_camera_msgs__rosidl_generator_py.dir/rosidl_generator_py/realsense2_camera_msgs/msg/_extrinsics_s.c.o\x1b[0m\n'}
[6.108324] (realsense2_camera_msgs) StdoutLine: {'line': b'[ 90%] \x1b[32mBuilding C object CMakeFiles/realsense2_camera_msgs__rosidl_generator_py.dir/rosidl_generator_py/realsense2_camera_msgs/msg/_metadata_s.c.o\x1b[0m\n'}
[6.113845] (-) TimerEvent: {}
[6.214074] (-) TimerEvent: {}
[6.262343] (realsense2_camera_msgs) StdoutLine: {'line': b'[ 92%] \x1b[32m\x1b[1mLinking C shared library librealsense2_camera_msgs__rosidl_generator_py.so\x1b[0m\n'}
[6.308838] (realsense2_camera_msgs) StdoutLine: {'line': b'[ 92%] Built target realsense2_camera_msgs__rosidl_generator_py\n'}
[6.314117] (-) TimerEvent: {}
[6.326183] (realsense2_camera_msgs) StdoutLine: {'line': b'[ 96%] \x1b[32mBuilding C object CMakeFiles/realsense2_camera_msgs_s__rosidl_typesupport_c.dir/rosidl_generator_py/realsense2_camera_msgs/_realsense2_camera_msgs_s.ep.rosidl_typesupport_c.c.o\x1b[0m\n'}
[6.326372] (realsense2_camera_msgs) StdoutLine: {'line': b'[ 96%] \x1b[32mBuilding C object CMakeFiles/realsense2_camera_msgs_s__rosidl_typesupport_introspection_c.dir/rosidl_generator_py/realsense2_camera_msgs/_realsense2_camera_msgs_s.ep.rosidl_typesupport_introspection_c.c.o\x1b[0m\n'}
[6.326454] (realsense2_camera_msgs) StdoutLine: {'line': b'[ 96%] \x1b[32mBuilding C object CMakeFiles/realsense2_camera_msgs_s__rosidl_typesupport_fastrtps_c.dir/rosidl_generator_py/realsense2_camera_msgs/_realsense2_camera_msgs_s.ep.rosidl_typesupport_fastrtps_c.c.o\x1b[0m\n'}
[6.414265] (-) TimerEvent: {}
[6.442089] (realsense2_camera_msgs) StdoutLine: {'line': b'[ 97%] \x1b[32m\x1b[1mLinking C shared module rosidl_generator_py/realsense2_camera_msgs/realsense2_camera_msgs_s__rosidl_typesupport_c.so\x1b[0m\n'}
[6.446744] (realsense2_camera_msgs) StdoutLine: {'line': b'[ 98%] \x1b[32m\x1b[1mLinking C shared module rosidl_generator_py/realsense2_camera_msgs/realsense2_camera_msgs_s__rosidl_typesupport_introspection_c.so\x1b[0m\n'}
[6.459146] (realsense2_camera_msgs) StdoutLine: {'line': b'[100%] \x1b[32m\x1b[1mLinking C shared module rosidl_generator_py/realsense2_camera_msgs/realsense2_camera_msgs_s__rosidl_typesupport_fastrtps_c.so\x1b[0m\n'}
[6.471727] (realsense2_camera_msgs) StdoutLine: {'line': b'[100%] Built target realsense2_camera_msgs_s__rosidl_typesupport_c\n'}
[6.476594] (realsense2_camera_msgs) StdoutLine: {'line': b'[100%] Built target realsense2_camera_msgs_s__rosidl_typesupport_introspection_c\n'}
[6.489543] (realsense2_camera_msgs) StdoutLine: {'line': b'[100%] Built target realsense2_camera_msgs_s__rosidl_typesupport_fastrtps_c\n'}
[6.500466] (realsense2_camera_msgs) CommandEnded: {'returncode': 0}
[6.500952] (realsense2_camera_msgs) JobProgress: {'identifier': 'realsense2_camera_msgs', 'progress': 'install'}
[6.509343] (realsense2_camera_msgs) Command: {'cmd': ['/usr/bin/cmake', '--install', '/workspaces/isaac_ros-dev/build/realsense2_camera_msgs'], 'cwd': '/workspaces/isaac_ros-dev/build/realsense2_camera_msgs', 'env': OrderedDict({'LESSOPEN': '| /usr/bin/lesspipe %s', 'NVIDIA_CTK_LIBCUDA_DIR': '/usr/lib/x86_64-linux-gnu', 'USER': 'fred', 'HOSTNAME': 'fredDesktop', 'SHLVL': '1', 'LD_LIBRARY_PATH': '/opt/ros/jazzy/lib/x86_64-linux-gnu:/opt/ros/jazzy/lib', 'HOME': '/home/admin', 'HOST_USER_GID': '1000', 'ROS_PYTHON_VERSION': '3', 'LC_CTYPE': 'C.UTF-8', 'COLORTERM': 'truecolor', 'ROS_DISTRO': 'jazzy', 'FORCE_COLOR': 'true', '_': '/usr/bin/colcon', 'ROS_VERSION': '2', 'NVIDIA_DRIVER_CAPABILITIES': 'all', 'USERNAME': 'admin', 'TERM': 'xterm-256color', 'ISAAC_ROS_WS': '/workspaces/isaac_ros-dev', 'PATH': '/home/admin/.local/bin:/opt/ros/jazzy/bin:/usr/local/nvidia/bin:/usr/local/cuda/bin:/usr/src/tensorrt/bin:/usr/local/sbin:/usr/local/bin:/usr/sbin:/usr/bin:/sbin:/bin', 'HOST_USER_UID': '1000', 'DISPLAY': ':1', 'LS_COLORS': 'rs=0:di=01;34:ln=01;36:mh=00:pi=40;33:so=01;35:do=01;35:bd=40;33;01:cd=40;33;01:or=40;31;01:mi=00:su=37;41:sg=30;43:ca=00:tw=30;42:ow=34;42:st=37;44:ex=01;32:*.tar=01;31:*.tgz=01;31:*.arc=01;31:*.arj=01;31:*.taz=01;31:*.lha=01;31:*.lz4=01;31:*.lzh=01;31:*.lzma=01;31:*.tlz=01;31:*.txz=01;31:*.tzo=01;31:*.t7z=01;31:*.zip=01;31:*.z=01;31:*.dz=01;31:*.gz=01;31:*.lrz=01;31:*.lz=01;31:*.lzo=01;31:*.xz=01;31:*.zst=01;31:*.tzst=01;31:*.bz2=01;31:*.bz=01;31:*.tbz=01;31:*.tbz2=01;31:*.tz=01;31:*.deb=01;31:*.rpm=01;31:*.jar=01;31:*.war=01;31:*.ear=01;31:*.sar=01;31:*.rar=01;31:*.alz=01;31:*.ace=01;31:*.zoo=01;31:*.cpio=01;31:*.7z=01;31:*.rz=01;31:*.cab=01;31:*.wim=01;31:*.swm=01;31:*.dwm=01;31:*.esd=01;31:*.avif=01;35:*.jpg=01;35:*.jpeg=01;35:*.mjpg=01;35:*.mjpeg=01;35:*.gif=01;35:*.bmp=01;35:*.pbm=01;35:*.pgm=01;35:*.ppm=01;35:*.tga=01;35:*.xbm=01;35:*.xpm=01;35:*.tif=01;35:*.tiff=01;35:*.png=01;35:*.svg=01;35:*.svgz=01;35:*.mng=01;35:*.pcx=01;35:*.mov=01;35:*.mpg=01;35:*.mpeg=01;35:*.m2v=01;35:*.mkv=01;35:*.webm=01;35:*.webp=01;35:*.ogm=01;35:*.mp4=01;35:*.m4v=01;35:*.mp4v=01;35:*.vob=01;35:*.qt=01;35:*.nuv=01;35:*.wmv=01;35:*.asf=01;35:*.rm=01;35:*.rmvb=01;35:*.flc=01;35:*.avi=01;35:*.fli=01;35:*.flv=01;35:*.gl=01;35:*.dl=01;35:*.xcf=01;35:*.xwd=01;35:*.yuv=01;35:*.cgm=01;35:*.emf=01;35:*.ogv=01;35:*.ogx=01;35:*.aac=00;36:*.au=00;36:*.flac=00;36:*.m4a=00;36:*.mid=00;36:*.midi=00;36:*.mka=00;36:*.mp3=00;36:*.mpc=00;36:*.ogg=00;36:*.ra=00;36:*.wav=00;36:*.oga=00;36:*.opus=00;36:*.spx=00;36:*.xspf=00;36:*~=00;90:*#=00;90:*.bak=00;90:*.crdownload=00;90:*.dpkg-dist=00;90:*.dpkg-new=00;90:*.dpkg-old=00;90:*.dpkg-tmp=00;90:*.old=00;90:*.orig=00;90:*.part=00;90:*.rej=00;90:*.rpmnew=00;90:*.rpmorig=00;90:*.rpmsave=00;90:*.swp=00;90:*.tmp=00;90:*.ucf-dist=00;90:*.ucf-new=00;90:*.ucf-old=00;90:', 'ROS_ROOT': '/opt/ros/jazzy', 'AMENT_PREFIX_PATH': '/opt/ros/jazzy', 'DEBIAN_FRONTEND': 'noninteractive', 'SHELL': '/bin/bash', 'LESSCLOSE': '/usr/bin/lesspipe %s %s', 'ROS_AUTOMATIC_DISCOVERY_RANGE': 'SUBNET', 'PWD': '/workspaces/isaac_ros-dev/build/realsense2_camera_msgs', 'ISAAC_ROS_PLATFORM': 'amd64', 'PYTHONPATH': '/opt/ros/jazzy/lib/python3.12/site-packages', 'NVIDIA_VISIBLE_DEVICES': 'void', 'COLCON': '1', 'CMAKE_PREFIX_PATH': '/opt/ros/jazzy'}), 'shell': False}
[6.514312] (-) TimerEvent: {}
[6.516801] (realsense2_camera_msgs) StdoutLine: {'line': b'-- Install configuration: ""\n'}
[6.517074] (realsense2_camera_msgs) StdoutLine: {'line': b'-- Installing: /workspaces/isaac_ros-dev/install/realsense2_camera_msgs/share/ament_index/resource_index/rosidl_interfaces/realsense2_camera_msgs\n'}
[6.517373] (realsense2_camera_msgs) StdoutLine: {'line': b'-- Installing: /workspaces/isaac_ros-dev/install/realsense2_camera_msgs/share/realsense2_camera_msgs/msg/IMUInfo.json\n'}
[6.517573] (realsense2_camera_msgs) StdoutLine: {'line': b'-- Installing: /workspaces/isaac_ros-dev/install/realsense2_camera_msgs/share/realsense2_camera_msgs/msg/Extrinsics.json\n'}
[6.517770] (realsense2_camera_msgs) StdoutLine: {'line': b'-- Installing: /workspaces/isaac_ros-dev/install/realsense2_camera_msgs/share/realsense2_camera_msgs/msg/Metadata.json\n'}
[6.517977] (realsense2_camera_msgs) StdoutLine: {'line': b'-- Installing: /workspaces/isaac_ros-dev/install/realsense2_camera_msgs/share/realsense2_camera_msgs/msg/RGBD.json\n'}
[6.518202] (realsense2_camera_msgs) StdoutLine: {'line': b'-- Installing: /workspaces/isaac_ros-dev/install/realsense2_camera_msgs/share/realsense2_camera_msgs/srv/DeviceInfo.json\n'}
[6.518363] (realsense2_camera_msgs) StdoutLine: {'line': b'-- Installing: /workspaces/isaac_ros-dev/install/realsense2_camera_msgs/include/realsense2_camera_msgs/realsense2_camera_msgs\n'}
[6.518511] (realsense2_camera_msgs) StdoutLine: {'line': b'-- Installing: /workspaces/isaac_ros-dev/install/realsense2_camera_msgs/include/realsense2_camera_msgs/realsense2_camera_msgs/srv\n'}
[6.518599] (realsense2_camera_msgs) StdoutLine: {'line': b'-- Installing: /workspaces/isaac_ros-dev/install/realsense2_camera_msgs/include/realsense2_camera_msgs/realsense2_camera_msgs/srv/device_info.h\n'}
[6.518716] (realsense2_camera_msgs) StdoutLine: {'line': b'-- Installing: /workspaces/isaac_ros-dev/install/realsense2_camera_msgs/include/realsense2_camera_msgs/realsense2_camera_msgs/srv/detail\n'}
[6.518798] (realsense2_camera_msgs) StdoutLine: {'line': b'-- Installing: /workspaces/isaac_ros-dev/install/realsense2_camera_msgs/include/realsense2_camera_msgs/realsense2_camera_msgs/srv/detail/device_info__type_support.h\n'}
[6.518925] (realsense2_camera_msgs) StdoutLine: {'line': b'-- Installing: /workspaces/isaac_ros-dev/install/realsense2_camera_msgs/include/realsense2_camera_msgs/realsense2_camera_msgs/srv/detail/device_info__functions.h\n'}
[6.519074] (realsense2_camera_msgs) StdoutLine: {'line': b'-- Installing: /workspaces/isaac_ros-dev/install/realsense2_camera_msgs/include/realsense2_camera_msgs/realsense2_camera_msgs/srv/detail/device_info__functions.c\n'}
[6.519236] (realsense2_camera_msgs) StdoutLine: {'line': b'-- Installing: /workspaces/isaac_ros-dev/install/realsense2_camera_msgs/include/realsense2_camera_msgs/realsense2_camera_msgs/srv/detail/device_info__struct.h\n'}
[6.519356] (realsense2_camera_msgs) StdoutLine: {'line': b'-- Installing: /workspaces/isaac_ros-dev/install/realsense2_camera_msgs/include/realsense2_camera_msgs/realsense2_camera_msgs/srv/detail/device_info__type_support.c\n'}
[6.519475] (realsense2_camera_msgs) StdoutLine: {'line': b'-- Installing: /workspaces/isaac_ros-dev/install/realsense2_camera_msgs/include/realsense2_camera_msgs/realsense2_camera_msgs/srv/detail/device_info__description.c\n'}
[6.519609] (realsense2_camera_msgs) StdoutLine: {'line': b'-- Installing: /workspaces/isaac_ros-dev/install/realsense2_camera_msgs/include/realsense2_camera_msgs/realsense2_camera_msgs/msg\n'}
[6.519697] (realsense2_camera_msgs) StdoutLine: {'line': b'-- Installing: /workspaces/isaac_ros-dev/install/realsense2_camera_msgs/include/realsense2_camera_msgs/realsense2_camera_msgs/msg/metadata.h\n'}
[6.519823] (realsense2_camera_msgs) StdoutLine: {'line': b'-- Installing: /workspaces/isaac_ros-dev/install/realsense2_camera_msgs/include/realsense2_camera_msgs/realsense2_camera_msgs/msg/rgbd.h\n'}
[6.519951] (realsense2_camera_msgs) StdoutLine: {'line': b'-- Installing: /workspaces/isaac_ros-dev/install/realsense2_camera_msgs/include/realsense2_camera_msgs/realsense2_camera_msgs/msg/imu_info.h\n'}
[6.520083] (realsense2_camera_msgs) StdoutLine: {'line': b'-- Installing: /workspaces/isaac_ros-dev/install/realsense2_camera_msgs/include/realsense2_camera_msgs/realsense2_camera_msgs/msg/extrinsics.h\n'}
[6.520225] (realsense2_camera_msgs) StdoutLine: {'line': b'-- Installing: /workspaces/isaac_ros-dev/install/realsense2_camera_msgs/include/realsense2_camera_msgs/realsense2_camera_msgs/msg/detail\n'}
[6.520333] (realsense2_camera_msgs) StdoutLine: {'line': b'-- Installing: /workspaces/isaac_ros-dev/install/realsense2_camera_msgs/include/realsense2_camera_msgs/realsense2_camera_msgs/msg/detail/metadata__description.c\n'}
[6.520470] (realsense2_camera_msgs) StdoutLine: {'line': b'-- Installing: /workspaces/isaac_ros-dev/install/realsense2_camera_msgs/include/realsense2_camera_msgs/realsense2_camera_msgs/msg/detail/metadata__struct.h\n'}
[6.520588] (realsense2_camera_msgs) StdoutLine: {'line': b'-- Installing: /workspaces/isaac_ros-dev/install/realsense2_camera_msgs/include/realsense2_camera_msgs/realsense2_camera_msgs/msg/detail/rgbd__type_support.c\n'}
[6.520742] (realsense2_camera_msgs) StdoutLine: {'line': b'-- Installing: /workspaces/isaac_ros-dev/install/realsense2_camera_msgs/include/realsense2_camera_msgs/realsense2_camera_msgs/msg/detail/rgbd__type_support.h\n'}
[6.520924] (realsense2_camera_msgs) StdoutLine: {'line': b'-- Installing: /workspaces/isaac_ros-dev/install/realsense2_camera_msgs/include/realsense2_camera_msgs/realsense2_camera_msgs/msg/detail/rgbd__functions.h\n'}
[6.521053] (realsense2_camera_msgs) StdoutLine: {'line': b'-- Installing: /workspaces/isaac_ros-dev/install/realsense2_camera_msgs/include/realsense2_camera_msgs/realsense2_camera_msgs/msg/detail/imu_info__struct.h\n'}
[6.521190] (realsense2_camera_msgs) StdoutLine: {'line': b'-- Installing: /workspaces/isaac_ros-dev/install/realsense2_camera_msgs/include/realsense2_camera_msgs/realsense2_camera_msgs/msg/detail/extrinsics__type_support.c\n'}
[6.521330] (realsense2_camera_msgs) StdoutLine: {'line': b'-- Installing: /workspaces/isaac_ros-dev/install/realsense2_camera_msgs/include/realsense2_camera_msgs/realsense2_camera_msgs/msg/detail/extrinsics__type_support.h\n'}
[6.521456] (realsense2_camera_msgs) StdoutLine: {'line': b'-- Installing: /workspaces/isaac_ros-dev/install/realsense2_camera_msgs/include/realsense2_camera_msgs/realsense2_camera_msgs/msg/detail/metadata__functions.c\n'}
[6.521595] (realsense2_camera_msgs) StdoutLine: {'line': b'-- Installing: /workspaces/isaac_ros-dev/install/realsense2_camera_msgs/include/realsense2_camera_msgs/realsense2_camera_msgs/msg/detail/extrinsics__functions.h\n'}
[6.521744] (realsense2_camera_msgs) StdoutLine: {'line': b'-- Installing: /workspaces/isaac_ros-dev/install/realsense2_camera_msgs/include/realsense2_camera_msgs/realsense2_camera_msgs/msg/detail/rgbd__struct.h\n'}
[6.521918] (realsense2_camera_msgs) StdoutLine: {'line': b'-- Installing: /workspaces/isaac_ros-dev/install/realsense2_camera_msgs/include/realsense2_camera_msgs/realsense2_camera_msgs/msg/detail/extrinsics__functions.c\n'}
[6.522064] (realsense2_camera_msgs) StdoutLine: {'line': b'-- Installing: /workspaces/isaac_ros-dev/install/realsense2_camera_msgs/include/realsense2_camera_msgs/realsense2_camera_msgs/msg/detail/rgbd__description.c\n'}
[6.522228] (realsense2_camera_msgs) StdoutLine: {'line': b'-- Installing: /workspaces/isaac_ros-dev/install/realsense2_camera_msgs/include/realsense2_camera_msgs/realsense2_camera_msgs/msg/detail/metadata__functions.h\n'}
[6.522385] (realsense2_camera_msgs) StdoutLine: {'line': b'-- Installing: /workspaces/isaac_ros-dev/install/realsense2_camera_msgs/include/realsense2_camera_msgs/realsense2_camera_msgs/msg/detail/imu_info__functions.h\n'}
[6.522548] (realsense2_camera_msgs) StdoutLine: {'line': b'-- Installing: /workspaces/isaac_ros-dev/install/realsense2_camera_msgs/include/realsense2_camera_msgs/realsense2_camera_msgs/msg/detail/imu_info__type_support.h\n'}
[6.522697] (realsense2_camera_msgs) StdoutLine: {'line': b'-- Installing: /workspaces/isaac_ros-dev/install/realsense2_camera_msgs/include/realsense2_camera_msgs/realsense2_camera_msgs/msg/detail/metadata__type_support.c\n'}
[6.522847] (realsense2_camera_msgs) StdoutLine: {'line': b'-- Installing: /workspaces/isaac_ros-dev/install/realsense2_camera_msgs/include/realsense2_camera_msgs/realsense2_camera_msgs/msg/detail/imu_info__functions.c\n'}
[6.523003] (realsense2_camera_msgs) StdoutLine: {'line': b'-- Installing: /workspaces/isaac_ros-dev/install/realsense2_camera_msgs/include/realsense2_camera_msgs/realsense2_camera_msgs/msg/detail/extrinsics__description.c\n'}
[6.523195] (realsense2_camera_msgs) StdoutLine: {'line': b'-- Installing: /workspaces/isaac_ros-dev/install/realsense2_camera_msgs/include/realsense2_camera_msgs/realsense2_camera_msgs/msg/detail/rgbd__functions.c\n'}
[6.523359] (realsense2_camera_msgs) StdoutLine: {'line': b'-- Installing: /workspaces/isaac_ros-dev/install/realsense2_camera_msgs/include/realsense2_camera_msgs/realsense2_camera_msgs/msg/detail/metadata__type_support.h\n'}
[6.523518] (realsense2_camera_msgs) StdoutLine: {'line': b'-- Installing: /workspaces/isaac_ros-dev/install/realsense2_camera_msgs/include/realsense2_camera_msgs/realsense2_camera_msgs/msg/detail/extrinsics__struct.h\n'}
[6.523668] (realsense2_camera_msgs) StdoutLine: {'line': b'-- Installing: /workspaces/isaac_ros-dev/install/realsense2_camera_msgs/include/realsense2_camera_msgs/realsense2_camera_msgs/msg/detail/imu_info__description.c\n'}
[6.523830] (realsense2_camera_msgs) StdoutLine: {'line': b'-- Installing: /workspaces/isaac_ros-dev/install/realsense2_camera_msgs/include/realsense2_camera_msgs/realsense2_camera_msgs/msg/detail/imu_info__type_support.c\n'}
[6.523982] (realsense2_camera_msgs) StdoutLine: {'line': b'-- Installing: /workspaces/isaac_ros-dev/install/realsense2_camera_msgs/include/realsense2_camera_msgs/realsense2_camera_msgs/msg/rosidl_generator_c__visibility_control.h\n'}
[6.524268] (realsense2_camera_msgs) StdoutLine: {'line': b'-- Installing: /workspaces/isaac_ros-dev/install/realsense2_camera_msgs/share/realsense2_camera_msgs/environment/library_path.sh\n'}
[6.524442] (realsense2_camera_msgs) StdoutLine: {'line': b'-- Installing: /workspaces/isaac_ros-dev/install/realsense2_camera_msgs/share/realsense2_camera_msgs/environment/library_path.dsv\n'}
[6.524664] (realsense2_camera_msgs) StdoutLine: {'line': b'-- Installing: /workspaces/isaac_ros-dev/install/realsense2_camera_msgs/lib/librealsense2_camera_msgs__rosidl_generator_c.so\n'}
[6.525157] (realsense2_camera_msgs) StdoutLine: {'line': b'-- Set non-toolchain portion of runtime path of "/workspaces/isaac_ros-dev/install/realsense2_camera_msgs/lib/librealsense2_camera_msgs__rosidl_generator_c.so" to ""\n'}
[6.525286] (realsense2_camera_msgs) StdoutLine: {'line': b'-- Up-to-date: /workspaces/isaac_ros-dev/install/realsense2_camera_msgs/include/realsense2_camera_msgs/realsense2_camera_msgs\n'}
[6.525377] (realsense2_camera_msgs) StdoutLine: {'line': b'-- Up-to-date: /workspaces/isaac_ros-dev/install/realsense2_camera_msgs/include/realsense2_camera_msgs/realsense2_camera_msgs/srv\n'}
[6.525444] (realsense2_camera_msgs) StdoutLine: {'line': b'-- Up-to-date: /workspaces/isaac_ros-dev/install/realsense2_camera_msgs/include/realsense2_camera_msgs/realsense2_camera_msgs/srv/detail\n'}
[6.525509] (realsense2_camera_msgs) StdoutLine: {'line': b'-- Installing: /workspaces/isaac_ros-dev/install/realsense2_camera_msgs/include/realsense2_camera_msgs/realsense2_camera_msgs/srv/detail/device_info__rosidl_typesupport_fastrtps_c.h\n'}
[6.525591] (realsense2_camera_msgs) StdoutLine: {'line': b'-- Up-to-date: /workspaces/isaac_ros-dev/install/realsense2_camera_msgs/include/realsense2_camera_msgs/realsense2_camera_msgs/msg\n'}
[6.525673] (realsense2_camera_msgs) StdoutLine: {'line': b'-- Up-to-date: /workspaces/isaac_ros-dev/install/realsense2_camera_msgs/include/realsense2_camera_msgs/realsense2_camera_msgs/msg/detail\n'}
[6.525743] (realsense2_camera_msgs) StdoutLine: {'line': b'-- Installing: /workspaces/isaac_ros-dev/install/realsense2_camera_msgs/include/realsense2_camera_msgs/realsense2_camera_msgs/msg/detail/rgbd__rosidl_typesupport_fastrtps_c.h\n'}
[6.525803] (realsense2_camera_msgs) StdoutLine: {'line': b'-- Installing: /workspaces/isaac_ros-dev/install/realsense2_camera_msgs/include/realsense2_camera_msgs/realsense2_camera_msgs/msg/detail/metadata__rosidl_typesupport_fastrtps_c.h\n'}
[6.525905] (realsense2_camera_msgs) StdoutLine: {'line': b'-- Installing: /workspaces/isaac_ros-dev/install/realsense2_camera_msgs/include/realsense2_camera_msgs/realsense2_camera_msgs/msg/detail/imu_info__rosidl_typesupport_fastrtps_c.h\n'}
[6.526036] (realsense2_camera_msgs) StdoutLine: {'line': b'-- Installing: /workspaces/isaac_ros-dev/install/realsense2_camera_msgs/include/realsense2_camera_msgs/realsense2_camera_msgs/msg/detail/extrinsics__rosidl_typesupport_fastrtps_c.h\n'}
[6.526163] (realsense2_camera_msgs) StdoutLine: {'line': b'-- Installing: /workspaces/isaac_ros-dev/install/realsense2_camera_msgs/include/realsense2_camera_msgs/realsense2_camera_msgs/msg/rosidl_typesupport_fastrtps_c__visibility_control.h\n'}
[6.526320] (realsense2_camera_msgs) StdoutLine: {'line': b'-- Installing: /workspaces/isaac_ros-dev/install/realsense2_camera_msgs/lib/librealsense2_camera_msgs__rosidl_typesupport_fastrtps_c.so\n'}
[6.526767] (realsense2_camera_msgs) StdoutLine: {'line': b'-- Set non-toolchain portion of runtime path of "/workspaces/isaac_ros-dev/install/realsense2_camera_msgs/lib/librealsense2_camera_msgs__rosidl_typesupport_fastrtps_c.so" to ""\n'}
[6.526842] (realsense2_camera_msgs) StdoutLine: {'line': b'-- Up-to-date: /workspaces/isaac_ros-dev/install/realsense2_camera_msgs/include/realsense2_camera_msgs/realsense2_camera_msgs\n'}
[6.526922] (realsense2_camera_msgs) StdoutLine: {'line': b'-- Up-to-date: /workspaces/isaac_ros-dev/install/realsense2_camera_msgs/include/realsense2_camera_msgs/realsense2_camera_msgs/srv\n'}
[6.526982] (realsense2_camera_msgs) StdoutLine: {'line': b'-- Up-to-date: /workspaces/isaac_ros-dev/install/realsense2_camera_msgs/include/realsense2_camera_msgs/realsense2_camera_msgs/srv/detail\n'}
[6.527058] (realsense2_camera_msgs) StdoutLine: {'line': b'-- Up-to-date: /workspaces/isaac_ros-dev/install/realsense2_camera_msgs/include/realsense2_camera_msgs/realsense2_camera_msgs/srv/detail/device_info__type_support.c\n'}
[6.527157] (realsense2_camera_msgs) StdoutLine: {'line': b'-- Installing: /workspaces/isaac_ros-dev/install/realsense2_camera_msgs/include/realsense2_camera_msgs/realsense2_camera_msgs/srv/detail/device_info__rosidl_typesupport_introspection_c.h\n'}
[6.527223] (realsense2_camera_msgs) StdoutLine: {'line': b'-- Up-to-date: /workspaces/isaac_ros-dev/install/realsense2_camera_msgs/include/realsense2_camera_msgs/realsense2_camera_msgs/msg\n'}
[6.527311] (realsense2_camera_msgs) StdoutLine: {'line': b'-- Installing: /workspaces/isaac_ros-dev/install/realsense2_camera_msgs/include/realsense2_camera_msgs/realsense2_camera_msgs/msg/rosidl_typesupport_introspection_c__visibility_control.h\n'}
[6.527387] (realsense2_camera_msgs) StdoutLine: {'line': b'-- Up-to-date: /workspaces/isaac_ros-dev/install/realsense2_camera_msgs/include/realsense2_camera_msgs/realsense2_camera_msgs/msg/detail\n'}
[6.527447] (realsense2_camera_msgs) StdoutLine: {'line': b'-- Up-to-date: /workspaces/isaac_ros-dev/install/realsense2_camera_msgs/include/realsense2_camera_msgs/realsense2_camera_msgs/msg/detail/rgbd__type_support.c\n'}
[6.527507] (realsense2_camera_msgs) StdoutLine: {'line': b'-- Installing: /workspaces/isaac_ros-dev/install/realsense2_camera_msgs/include/realsense2_camera_msgs/realsense2_camera_msgs/msg/detail/extrinsics__rosidl_typesupport_introspection_c.h\n'}
[6.527573] (realsense2_camera_msgs) StdoutLine: {'line': b'-- Installing: /workspaces/isaac_ros-dev/install/realsense2_camera_msgs/include/realsense2_camera_msgs/realsense2_camera_msgs/msg/detail/extrinsics__type_support.c\n'}
[6.527645] (realsense2_camera_msgs) StdoutLine: {'line': b'-- Installing: /workspaces/isaac_ros-dev/install/realsense2_camera_msgs/include/realsense2_camera_msgs/realsense2_camera_msgs/msg/detail/imu_info__rosidl_typesupport_introspection_c.h\n'}
[6.527735] (realsense2_camera_msgs) StdoutLine: {'line': b'-- Installing: /workspaces/isaac_ros-dev/install/realsense2_camera_msgs/include/realsense2_camera_msgs/realsense2_camera_msgs/msg/detail/rgbd__rosidl_typesupport_introspection_c.h\n'}
[6.527862] (realsense2_camera_msgs) StdoutLine: {'line': b'-- Installing: /workspaces/isaac_ros-dev/install/realsense2_camera_msgs/include/realsense2_camera_msgs/realsense2_camera_msgs/msg/detail/metadata__rosidl_typesupport_introspection_c.h\n'}
[6.527977] (realsense2_camera_msgs) StdoutLine: {'line': b'-- Up-to-date: /workspaces/isaac_ros-dev/install/realsense2_camera_msgs/include/realsense2_camera_msgs/realsense2_camera_msgs/msg/detail/metadata__type_support.c\n'}
[6.528058] (realsense2_camera_msgs) StdoutLine: {'line': b'-- Up-to-date: /workspaces/isaac_ros-dev/install/realsense2_camera_msgs/include/realsense2_camera_msgs/realsense2_camera_msgs/msg/detail/imu_info__type_support.c\n'}
[6.528175] (realsense2_camera_msgs) StdoutLine: {'line': b'-- Installing: /workspaces/isaac_ros-dev/install/realsense2_camera_msgs/lib/librealsense2_camera_msgs__rosidl_typesupport_introspection_c.so\n'}
[6.528471] (realsense2_camera_msgs) StdoutLine: {'line': b'-- Set non-toolchain portion of runtime path of "/workspaces/isaac_ros-dev/install/realsense2_camera_msgs/lib/librealsense2_camera_msgs__rosidl_typesupport_introspection_c.so" to ""\n'}
[6.528560] (realsense2_camera_msgs) StdoutLine: {'line': b'-- Installing: /workspaces/isaac_ros-dev/install/realsense2_camera_msgs/lib/librealsense2_camera_msgs__rosidl_typesupport_c.so\n'}
[6.528879] (realsense2_camera_msgs) StdoutLine: {'line': b'-- Set non-toolchain portion of runtime path of "/workspaces/isaac_ros-dev/install/realsense2_camera_msgs/lib/librealsense2_camera_msgs__rosidl_typesupport_c.so" to ""\n'}
[6.528964] (realsense2_camera_msgs) StdoutLine: {'line': b'-- Up-to-date: /workspaces/isaac_ros-dev/install/realsense2_camera_msgs/include/realsense2_camera_msgs/realsense2_camera_msgs\n'}
[6.529026] (realsense2_camera_msgs) StdoutLine: {'line': b'-- Up-to-date: /workspaces/isaac_ros-dev/install/realsense2_camera_msgs/include/realsense2_camera_msgs/realsense2_camera_msgs/srv\n'}
[6.529120] (realsense2_camera_msgs) StdoutLine: {'line': b'-- Up-to-date: /workspaces/isaac_ros-dev/install/realsense2_camera_msgs/include/realsense2_camera_msgs/realsense2_camera_msgs/srv/detail\n'}
[6.529189] (realsense2_camera_msgs) StdoutLine: {'line': b'-- Installing: /workspaces/isaac_ros-dev/install/realsense2_camera_msgs/include/realsense2_camera_msgs/realsense2_camera_msgs/srv/detail/device_info__type_support.hpp\n'}
[6.529247] (realsense2_camera_msgs) StdoutLine: {'line': b'-- Installing: /workspaces/isaac_ros-dev/install/realsense2_camera_msgs/include/realsense2_camera_msgs/realsense2_camera_msgs/srv/detail/device_info__builder.hpp\n'}
[6.529323] (realsense2_camera_msgs) StdoutLine: {'line': b'-- Installing: /workspaces/isaac_ros-dev/install/realsense2_camera_msgs/include/realsense2_camera_msgs/realsense2_camera_msgs/srv/detail/device_info__struct.hpp\n'}
[6.529434] (realsense2_camera_msgs) StdoutLine: {'line': b'-- Installing: /workspaces/isaac_ros-dev/install/realsense2_camera_msgs/include/realsense2_camera_msgs/realsense2_camera_msgs/srv/detail/device_info__traits.hpp\n'}
[6.529565] (realsense2_camera_msgs) StdoutLine: {'line': b'-- Installing: /workspaces/isaac_ros-dev/install/realsense2_camera_msgs/include/realsense2_camera_msgs/realsense2_camera_msgs/srv/device_info.hpp\n'}
[6.529679] (realsense2_camera_msgs) StdoutLine: {'line': b'-- Up-to-date: /workspaces/isaac_ros-dev/install/realsense2_camera_msgs/include/realsense2_camera_msgs/realsense2_camera_msgs/msg\n'}
[6.529759] (realsense2_camera_msgs) StdoutLine: {'line': b'-- Installing: /workspaces/isaac_ros-dev/install/realsense2_camera_msgs/include/realsense2_camera_msgs/realsense2_camera_msgs/msg/imu_info.hpp\n'}
[6.529846] (realsense2_camera_msgs) StdoutLine: {'line': b'-- Installing: /workspaces/isaac_ros-dev/install/realsense2_camera_msgs/include/realsense2_camera_msgs/realsense2_camera_msgs/msg/rgbd.hpp\n'}
[6.529964] (realsense2_camera_msgs) StdoutLine: {'line': b'-- Installing: /workspaces/isaac_ros-dev/install/realsense2_camera_msgs/include/realsense2_camera_msgs/realsense2_camera_msgs/msg/rosidl_generator_cpp__visibility_control.hpp\n'}
[6.530087] (realsense2_camera_msgs) StdoutLine: {'line': b'-- Installing: /workspaces/isaac_ros-dev/install/realsense2_camera_msgs/include/realsense2_camera_msgs/realsense2_camera_msgs/msg/metadata.hpp\n'}
[6.530222] (realsense2_camera_msgs) StdoutLine: {'line': b'-- Installing: /workspaces/isaac_ros-dev/install/realsense2_camera_msgs/include/realsense2_camera_msgs/realsense2_camera_msgs/msg/extrinsics.hpp\n'}
[6.530334] (realsense2_camera_msgs) StdoutLine: {'line': b'-- Up-to-date: /workspaces/isaac_ros-dev/install/realsense2_camera_msgs/include/realsense2_camera_msgs/realsense2_camera_msgs/msg/detail\n'}
[6.530406] (realsense2_camera_msgs) StdoutLine: {'line': b'-- Installing: /workspaces/isaac_ros-dev/install/realsense2_camera_msgs/include/realsense2_camera_msgs/realsense2_camera_msgs/msg/detail/imu_info__traits.hpp\n'}
[6.530514] (realsense2_camera_msgs) StdoutLine: {'line': b'-- Installing: /workspaces/isaac_ros-dev/install/realsense2_camera_msgs/include/realsense2_camera_msgs/realsense2_camera_msgs/msg/detail/rgbd__struct.hpp\n'}
[6.530641] (realsense2_camera_msgs) StdoutLine: {'line': b'-- Installing: /workspaces/isaac_ros-dev/install/realsense2_camera_msgs/include/realsense2_camera_msgs/realsense2_camera_msgs/msg/detail/rgbd__traits.hpp\n'}
[6.530771] (realsense2_camera_msgs) StdoutLine: {'line': b'-- Installing: /workspaces/isaac_ros-dev/install/realsense2_camera_msgs/include/realsense2_camera_msgs/realsense2_camera_msgs/msg/detail/metadata__struct.hpp\n'}
[6.530898] (realsense2_camera_msgs) StdoutLine: {'line': b'-- Installing: /workspaces/isaac_ros-dev/install/realsense2_camera_msgs/include/realsense2_camera_msgs/realsense2_camera_msgs/msg/detail/imu_info__builder.hpp\n'}
[6.531020] (realsense2_camera_msgs) StdoutLine: {'line': b'-- Installing: /workspaces/isaac_ros-dev/install/realsense2_camera_msgs/include/realsense2_camera_msgs/realsense2_camera_msgs/msg/detail/rgbd__type_support.hpp\n'}
[6.531152] (realsense2_camera_msgs) StdoutLine: {'line': b'-- Installing: /workspaces/isaac_ros-dev/install/realsense2_camera_msgs/include/realsense2_camera_msgs/realsense2_camera_msgs/msg/detail/metadata__traits.hpp\n'}
[6.531278] (realsense2_camera_msgs) StdoutLine: {'line': b'-- Installing: /workspaces/isaac_ros-dev/install/realsense2_camera_msgs/include/realsense2_camera_msgs/realsense2_camera_msgs/msg/detail/extrinsics__struct.hpp\n'}
[6.531407] (realsense2_camera_msgs) StdoutLine: {'line': b'-- Installing: /workspaces/isaac_ros-dev/install/realsense2_camera_msgs/include/realsense2_camera_msgs/realsense2_camera_msgs/msg/detail/extrinsics__type_support.hpp\n'}
[6.531531] (realsense2_camera_msgs) StdoutLine: {'line': b'-- Installing: /workspaces/isaac_ros-dev/install/realsense2_camera_msgs/include/realsense2_camera_msgs/realsense2_camera_msgs/msg/detail/extrinsics__traits.hpp\n'}
[6.531675] (realsense2_camera_msgs) StdoutLine: {'line': b'-- Installing: /workspaces/isaac_ros-dev/install/realsense2_camera_msgs/include/realsense2_camera_msgs/realsense2_camera_msgs/msg/detail/rgbd__builder.hpp\n'}
[6.531801] (realsense2_camera_msgs) StdoutLine: {'line': b'-- Installing: /workspaces/isaac_ros-dev/install/realsense2_camera_msgs/include/realsense2_camera_msgs/realsense2_camera_msgs/msg/detail/metadata__type_support.hpp\n'}
[6.531924] (realsense2_camera_msgs) StdoutLine: {'line': b'-- Installing: /workspaces/isaac_ros-dev/install/realsense2_camera_msgs/include/realsense2_camera_msgs/realsense2_camera_msgs/msg/detail/imu_info__struct.hpp\n'}
[6.532053] (realsense2_camera_msgs) StdoutLine: {'line': b'-- Installing: /workspaces/isaac_ros-dev/install/realsense2_camera_msgs/include/realsense2_camera_msgs/realsense2_camera_msgs/msg/detail/extrinsics__builder.hpp\n'}
[6.532192] (realsense2_camera_msgs) StdoutLine: {'line': b'-- Installing: /workspaces/isaac_ros-dev/install/realsense2_camera_msgs/include/realsense2_camera_msgs/realsense2_camera_msgs/msg/detail/metadata__builder.hpp\n'}
[6.532316] (realsense2_camera_msgs) StdoutLine: {'line': b'-- Installing: /workspaces/isaac_ros-dev/install/realsense2_camera_msgs/include/realsense2_camera_msgs/realsense2_camera_msgs/msg/detail/imu_info__type_support.hpp\n'}
[6.532466] (realsense2_camera_msgs) StdoutLine: {'line': b'-- Up-to-date: /workspaces/isaac_ros-dev/install/realsense2_camera_msgs/include/realsense2_camera_msgs/realsense2_camera_msgs\n'}
[6.532551] (realsense2_camera_msgs) StdoutLine: {'line': b'-- Up-to-date: /workspaces/isaac_ros-dev/install/realsense2_camera_msgs/include/realsense2_camera_msgs/realsense2_camera_msgs/srv\n'}
[6.532614] (realsense2_camera_msgs) StdoutLine: {'line': b'-- Up-to-date: /workspaces/isaac_ros-dev/install/realsense2_camera_msgs/include/realsense2_camera_msgs/realsense2_camera_msgs/srv/detail\n'}
[6.532689] (realsense2_camera_msgs) StdoutLine: {'line': b'-- Installing: /workspaces/isaac_ros-dev/install/realsense2_camera_msgs/include/realsense2_camera_msgs/realsense2_camera_msgs/srv/detail/dds_fastrtps\n'}
[6.532769] (realsense2_camera_msgs) StdoutLine: {'line': b'-- Installing: /workspaces/isaac_ros-dev/install/realsense2_camera_msgs/include/realsense2_camera_msgs/realsense2_camera_msgs/srv/detail/device_info__rosidl_typesupport_fastrtps_cpp.hpp\n'}
[6.532854] (realsense2_camera_msgs) StdoutLine: {'line': b'-- Up-to-date: /workspaces/isaac_ros-dev/install/realsense2_camera_msgs/include/realsense2_camera_msgs/realsense2_camera_msgs/msg\n'}
[6.532941] (realsense2_camera_msgs) StdoutLine: {'line': b'-- Installing: /workspaces/isaac_ros-dev/install/realsense2_camera_msgs/include/realsense2_camera_msgs/realsense2_camera_msgs/msg/rosidl_typesupport_fastrtps_cpp__visibility_control.h\n'}
[6.533031] (realsense2_camera_msgs) StdoutLine: {'line': b'-- Up-to-date: /workspaces/isaac_ros-dev/install/realsense2_camera_msgs/include/realsense2_camera_msgs/realsense2_camera_msgs/msg/detail\n'}
[6.533102] (realsense2_camera_msgs) StdoutLine: {'line': b'-- Installing: /workspaces/isaac_ros-dev/install/realsense2_camera_msgs/include/realsense2_camera_msgs/realsense2_camera_msgs/msg/detail/extrinsics__rosidl_typesupport_fastrtps_cpp.hpp\n'}
[6.533203] (realsense2_camera_msgs) StdoutLine: {'line': b'-- Installing: /workspaces/isaac_ros-dev/install/realsense2_camera_msgs/include/realsense2_camera_msgs/realsense2_camera_msgs/msg/detail/rgbd__rosidl_typesupport_fastrtps_cpp.hpp\n'}
[6.533289] (realsense2_camera_msgs) StdoutLine: {'line': b'-- Installing: /workspaces/isaac_ros-dev/install/realsense2_camera_msgs/include/realsense2_camera_msgs/realsense2_camera_msgs/msg/detail/dds_fastrtps\n'}
[6.533366] (realsense2_camera_msgs) StdoutLine: {'line': b'-- Installing: /workspaces/isaac_ros-dev/install/realsense2_camera_msgs/include/realsense2_camera_msgs/realsense2_camera_msgs/msg/detail/metadata__rosidl_typesupport_fastrtps_cpp.hpp\n'}
[6.533491] (realsense2_camera_msgs) StdoutLine: {'line': b'-- Installing: /workspaces/isaac_ros-dev/install/realsense2_camera_msgs/include/realsense2_camera_msgs/realsense2_camera_msgs/msg/detail/imu_info__rosidl_typesupport_fastrtps_cpp.hpp\n'}
[6.533657] (realsense2_camera_msgs) StdoutLine: {'line': b'-- Installing: /workspaces/isaac_ros-dev/install/realsense2_camera_msgs/lib/librealsense2_camera_msgs__rosidl_typesupport_fastrtps_cpp.so\n'}
[6.534212] (realsense2_camera_msgs) StdoutLine: {'line': b'-- Set non-toolchain portion of runtime path of "/workspaces/isaac_ros-dev/install/realsense2_camera_msgs/lib/librealsense2_camera_msgs__rosidl_typesupport_fastrtps_cpp.so" to ""\n'}
[6.534301] (realsense2_camera_msgs) StdoutLine: {'line': b'-- Up-to-date: /workspaces/isaac_ros-dev/install/realsense2_camera_msgs/include/realsense2_camera_msgs/realsense2_camera_msgs\n'}
[6.534362] (realsense2_camera_msgs) StdoutLine: {'line': b'-- Up-to-date: /workspaces/isaac_ros-dev/install/realsense2_camera_msgs/include/realsense2_camera_msgs/realsense2_camera_msgs/srv\n'}
[6.534435] (realsense2_camera_msgs) StdoutLine: {'line': b'-- Up-to-date: /workspaces/isaac_ros-dev/install/realsense2_camera_msgs/include/realsense2_camera_msgs/realsense2_camera_msgs/srv/detail\n'}
[6.534494] (realsense2_camera_msgs) StdoutLine: {'line': b'-- Installing: /workspaces/isaac_ros-dev/install/realsense2_camera_msgs/include/realsense2_camera_msgs/realsense2_camera_msgs/srv/detail/device_info__rosidl_typesupport_introspection_cpp.hpp\n'}
[6.534570] (realsense2_camera_msgs) StdoutLine: {'line': b'-- Installing: /workspaces/isaac_ros-dev/install/realsense2_camera_msgs/include/realsense2_camera_msgs/realsense2_camera_msgs/srv/detail/device_info__type_support.cpp\n'}
[6.534645] (realsense2_camera_msgs) StdoutLine: {'line': b'-- Up-to-date: /workspaces/isaac_ros-dev/install/realsense2_camera_msgs/include/realsense2_camera_msgs/realsense2_camera_msgs/msg\n'}
[6.534710] (realsense2_camera_msgs) StdoutLine: {'line': b'-- Up-to-date: /workspaces/isaac_ros-dev/install/realsense2_camera_msgs/include/realsense2_camera_msgs/realsense2_camera_msgs/msg/detail\n'}
[6.534782] (realsense2_camera_msgs) StdoutLine: {'line': b'-- Installing: /workspaces/isaac_ros-dev/install/realsense2_camera_msgs/include/realsense2_camera_msgs/realsense2_camera_msgs/msg/detail/metadata__rosidl_typesupport_introspection_cpp.hpp\n'}
[6.534866] (realsense2_camera_msgs) StdoutLine: {'line': b'-- Installing: /workspaces/isaac_ros-dev/install/realsense2_camera_msgs/include/realsense2_camera_msgs/realsense2_camera_msgs/msg/detail/extrinsics__rosidl_typesupport_introspection_cpp.hpp\n'}
[6.534990] (realsense2_camera_msgs) StdoutLine: {'line': b'-- Installing: /workspaces/isaac_ros-dev/install/realsense2_camera_msgs/include/realsense2_camera_msgs/realsense2_camera_msgs/msg/detail/imu_info__rosidl_typesupport_introspection_cpp.hpp\n'}
[6.535125] (realsense2_camera_msgs) StdoutLine: {'line': b'-- Installing: /workspaces/isaac_ros-dev/install/realsense2_camera_msgs/include/realsense2_camera_msgs/realsense2_camera_msgs/msg/detail/rgbd__type_support.cpp\n'}
[6.535255] (realsense2_camera_msgs) StdoutLine: {'line': b'-- Installing: /workspaces/isaac_ros-dev/install/realsense2_camera_msgs/include/realsense2_camera_msgs/realsense2_camera_msgs/msg/detail/rgbd__rosidl_typesupport_introspection_cpp.hpp\n'}
[6.535380] (realsense2_camera_msgs) StdoutLine: {'line': b'-- Installing: /workspaces/isaac_ros-dev/install/realsense2_camera_msgs/include/realsense2_camera_msgs/realsense2_camera_msgs/msg/detail/imu_info__type_support.cpp\n'}
[6.535519] (realsense2_camera_msgs) StdoutLine: {'line': b'-- Installing: /workspaces/isaac_ros-dev/install/realsense2_camera_msgs/include/realsense2_camera_msgs/realsense2_camera_msgs/msg/detail/metadata__type_support.cpp\n'}
[6.535651] (realsense2_camera_msgs) StdoutLine: {'line': b'-- Installing: /workspaces/isaac_ros-dev/install/realsense2_camera_msgs/include/realsense2_camera_msgs/realsense2_camera_msgs/msg/detail/extrinsics__type_support.cpp\n'}
[6.535828] (realsense2_camera_msgs) StdoutLine: {'line': b'-- Installing: /workspaces/isaac_ros-dev/install/realsense2_camera_msgs/lib/librealsense2_camera_msgs__rosidl_typesupport_introspection_cpp.so\n'}
[6.536364] (realsense2_camera_msgs) StdoutLine: {'line': b'-- Set non-toolchain portion of runtime path of "/workspaces/isaac_ros-dev/install/realsense2_camera_msgs/lib/librealsense2_camera_msgs__rosidl_typesupport_introspection_cpp.so" to ""\n'}
[6.536501] (realsense2_camera_msgs) StdoutLine: {'line': b'-- Installing: /workspaces/isaac_ros-dev/install/realsense2_camera_msgs/lib/librealsense2_camera_msgs__rosidl_typesupport_cpp.so\n'}
[6.536884] (realsense2_camera_msgs) StdoutLine: {'line': b'-- Set non-toolchain portion of runtime path of "/workspaces/isaac_ros-dev/install/realsense2_camera_msgs/lib/librealsense2_camera_msgs__rosidl_typesupport_cpp.so" to ""\n'}
[6.536961] (realsense2_camera_msgs) StdoutLine: {'line': b'-- Installing: /workspaces/isaac_ros-dev/install/realsense2_camera_msgs/share/realsense2_camera_msgs/environment/pythonpath.sh\n'}
[6.537084] (realsense2_camera_msgs) StdoutLine: {'line': b'-- Installing: /workspaces/isaac_ros-dev/install/realsense2_camera_msgs/share/realsense2_camera_msgs/environment/pythonpath.dsv\n'}
[6.537247] (realsense2_camera_msgs) StdoutLine: {'line': b'-- Installing: /workspaces/isaac_ros-dev/install/realsense2_camera_msgs/lib/python3.12/site-packages/realsense2_camera_msgs-4.55.1-py3.12.egg-info\n'}
[6.537392] (realsense2_camera_msgs) StdoutLine: {'line': b'-- Installing: /workspaces/isaac_ros-dev/install/realsense2_camera_msgs/lib/python3.12/site-packages/realsense2_camera_msgs-4.55.1-py3.12.egg-info/SOURCES.txt\n'}
[6.537547] (realsense2_camera_msgs) StdoutLine: {'line': b'-- Installing: /workspaces/isaac_ros-dev/install/realsense2_camera_msgs/lib/python3.12/site-packages/realsense2_camera_msgs-4.55.1-py3.12.egg-info/top_level.txt\n'}
[6.537692] (realsense2_camera_msgs) StdoutLine: {'line': b'-- Installing: /workspaces/isaac_ros-dev/install/realsense2_camera_msgs/lib/python3.12/site-packages/realsense2_camera_msgs-4.55.1-py3.12.egg-info/dependency_links.txt\n'}
[6.537844] (realsense2_camera_msgs) StdoutLine: {'line': b'-- Installing: /workspaces/isaac_ros-dev/install/realsense2_camera_msgs/lib/python3.12/site-packages/realsense2_camera_msgs-4.55.1-py3.12.egg-info/PKG-INFO\n'}
[6.538021] (realsense2_camera_msgs) StdoutLine: {'line': b'-- Installing: /workspaces/isaac_ros-dev/install/realsense2_camera_msgs/lib/python3.12/site-packages/realsense2_camera_msgs\n'}
[6.538125] (realsense2_camera_msgs) StdoutLine: {'line': b'-- Installing: /workspaces/isaac_ros-dev/install/realsense2_camera_msgs/lib/python3.12/site-packages/realsense2_camera_msgs/_realsense2_camera_msgs_s.ep.rosidl_typesupport_c.c\n'}
[6.538313] (realsense2_camera_msgs) StdoutLine: {'line': b'-- Installing: /workspaces/isaac_ros-dev/install/realsense2_camera_msgs/lib/python3.12/site-packages/realsense2_camera_msgs/realsense2_camera_msgs_s__rosidl_typesupport_c.so\n'}
[6.538502] (realsense2_camera_msgs) StdoutLine: {'line': b'-- Installing: /workspaces/isaac_ros-dev/install/realsense2_camera_msgs/lib/python3.12/site-packages/realsense2_camera_msgs/realsense2_camera_msgs_s__rosidl_typesupport_fastrtps_c.so\n'}
[6.538685] (realsense2_camera_msgs) StdoutLine: {'line': b'-- Installing: /workspaces/isaac_ros-dev/install/realsense2_camera_msgs/lib/python3.12/site-packages/realsense2_camera_msgs/srv\n'}
[6.538778] (realsense2_camera_msgs) StdoutLine: {'line': b'-- Installing: /workspaces/isaac_ros-dev/install/realsense2_camera_msgs/lib/python3.12/site-packages/realsense2_camera_msgs/srv/_device_info_s.c\n'}
[6.538950] (realsense2_camera_msgs) StdoutLine: {'line': b'-- Installing: /workspaces/isaac_ros-dev/install/realsense2_camera_msgs/lib/python3.12/site-packages/realsense2_camera_msgs/srv/__init__.py\n'}
[6.539113] (realsense2_camera_msgs) StdoutLine: {'line': b'-- Installing: /workspaces/isaac_ros-dev/install/realsense2_camera_msgs/lib/python3.12/site-packages/realsense2_camera_msgs/srv/_device_info.py\n'}
[6.539288] (realsense2_camera_msgs) StdoutLine: {'line': b'-- Installing: /workspaces/isaac_ros-dev/install/realsense2_camera_msgs/lib/python3.12/site-packages/realsense2_camera_msgs/__init__.py\n'}
[6.539420] (realsense2_camera_msgs) StdoutLine: {'line': b'-- Installing: /workspaces/isaac_ros-dev/install/realsense2_camera_msgs/lib/python3.12/site-packages/realsense2_camera_msgs/_realsense2_camera_msgs_s.ep.rosidl_typesupport_introspection_c.c\n'}
[6.539595] (realsense2_camera_msgs) StdoutLine: {'line': b'-- Installing: /workspaces/isaac_ros-dev/install/realsense2_camera_msgs/lib/python3.12/site-packages/realsense2_camera_msgs/msg\n'}
[6.539689] (realsense2_camera_msgs) StdoutLine: {'line': b'-- Installing: /workspaces/isaac_ros-dev/install/realsense2_camera_msgs/lib/python3.12/site-packages/realsense2_camera_msgs/msg/_imu_info_s.c\n'}
[6.539851] (realsense2_camera_msgs) StdoutLine: {'line': b'-- Installing: /workspaces/isaac_ros-dev/install/realsense2_camera_msgs/lib/python3.12/site-packages/realsense2_camera_msgs/msg/_extrinsics_s.c\n'}
[6.540009] (realsense2_camera_msgs) StdoutLine: {'line': b'-- Installing: /workspaces/isaac_ros-dev/install/realsense2_camera_msgs/lib/python3.12/site-packages/realsense2_camera_msgs/msg/_rgbd_s.c\n'}
[6.540170] (realsense2_camera_msgs) StdoutLine: {'line': b'-- Installing: /workspaces/isaac_ros-dev/install/realsense2_camera_msgs/lib/python3.12/site-packages/realsense2_camera_msgs/msg/_imu_info.py\n'}
[6.540336] (realsense2_camera_msgs) StdoutLine: {'line': b'-- Installing: /workspaces/isaac_ros-dev/install/realsense2_camera_msgs/lib/python3.12/site-packages/realsense2_camera_msgs/msg/_metadata_s.c\n'}
[6.540486] (realsense2_camera_msgs) StdoutLine: {'line': b'-- Installing: /workspaces/isaac_ros-dev/install/realsense2_camera_msgs/lib/python3.12/site-packages/realsense2_camera_msgs/msg/__init__.py\n'}
[6.540644] (realsense2_camera_msgs) StdoutLine: {'line': b'-- Installing: /workspaces/isaac_ros-dev/install/realsense2_camera_msgs/lib/python3.12/site-packages/realsense2_camera_msgs/msg/_metadata.py\n'}
[6.540801] (realsense2_camera_msgs) StdoutLine: {'line': b'-- Installing: /workspaces/isaac_ros-dev/install/realsense2_camera_msgs/lib/python3.12/site-packages/realsense2_camera_msgs/msg/_rgbd.py\n'}
[6.540961] (realsense2_camera_msgs) StdoutLine: {'line': b'-- Installing: /workspaces/isaac_ros-dev/install/realsense2_camera_msgs/lib/python3.12/site-packages/realsense2_camera_msgs/msg/_extrinsics.py\n'}
[6.541167] (realsense2_camera_msgs) StdoutLine: {'line': b'-- Installing: /workspaces/isaac_ros-dev/install/realsense2_camera_msgs/lib/python3.12/site-packages/realsense2_camera_msgs/_realsense2_camera_msgs_s.ep.rosidl_typesupport_fastrtps_c.c\n'}
[6.541348] (realsense2_camera_msgs) StdoutLine: {'line': b'-- Installing: /workspaces/isaac_ros-dev/install/realsense2_camera_msgs/lib/python3.12/site-packages/realsense2_camera_msgs/realsense2_camera_msgs_s__rosidl_typesupport_introspection_c.so\n'}
[6.582930] (realsense2_camera_msgs) StdoutLine: {'line': b"Listing '/workspaces/isaac_ros-dev/install/realsense2_camera_msgs/lib/python3.12/site-packages/realsense2_camera_msgs'...\n"}
[6.583078] (realsense2_camera_msgs) StdoutLine: {'line': b"Compiling '/workspaces/isaac_ros-dev/install/realsense2_camera_msgs/lib/python3.12/site-packages/realsense2_camera_msgs/__init__.py'...\n"}
[6.583173] (realsense2_camera_msgs) StdoutLine: {'line': b"Listing '/workspaces/isaac_ros-dev/install/realsense2_camera_msgs/lib/python3.12/site-packages/realsense2_camera_msgs/msg'...\n"}
[6.583234] (realsense2_camera_msgs) StdoutLine: {'line': b"Compiling '/workspaces/isaac_ros-dev/install/realsense2_camera_msgs/lib/python3.12/site-packages/realsense2_camera_msgs/msg/__init__.py'...\n"}
[6.583290] (realsense2_camera_msgs) StdoutLine: {'line': b"Compiling '/workspaces/isaac_ros-dev/install/realsense2_camera_msgs/lib/python3.12/site-packages/realsense2_camera_msgs/msg/_extrinsics.py'...\n"}
[6.583344] (realsense2_camera_msgs) StdoutLine: {'line': b"Compiling '/workspaces/isaac_ros-dev/install/realsense2_camera_msgs/lib/python3.12/site-packages/realsense2_camera_msgs/msg/_imu_info.py'...\n"}
[6.583396] (realsense2_camera_msgs) StdoutLine: {'line': b"Compiling '/workspaces/isaac_ros-dev/install/realsense2_camera_msgs/lib/python3.12/site-packages/realsense2_camera_msgs/msg/_metadata.py'...\n"}
[6.583448] (realsense2_camera_msgs) StdoutLine: {'line': b"Compiling '/workspaces/isaac_ros-dev/install/realsense2_camera_msgs/lib/python3.12/site-packages/realsense2_camera_msgs/msg/_rgbd.py'...\n"}
[6.583500] (realsense2_camera_msgs) StdoutLine: {'line': b"Listing '/workspaces/isaac_ros-dev/install/realsense2_camera_msgs/lib/python3.12/site-packages/realsense2_camera_msgs/srv'...\n"}
[6.583552] (realsense2_camera_msgs) StdoutLine: {'line': b"Compiling '/workspaces/isaac_ros-dev/install/realsense2_camera_msgs/lib/python3.12/site-packages/realsense2_camera_msgs/srv/__init__.py'...\n"}
[6.583609] (realsense2_camera_msgs) StdoutLine: {'line': b"Compiling '/workspaces/isaac_ros-dev/install/realsense2_camera_msgs/lib/python3.12/site-packages/realsense2_camera_msgs/srv/_device_info.py'...\n"}
[6.587599] (realsense2_camera_msgs) StdoutLine: {'line': b'-- Installing: /workspaces/isaac_ros-dev/install/realsense2_camera_msgs/lib/python3.12/site-packages/realsense2_camera_msgs/realsense2_camera_msgs_s__rosidl_typesupport_fastrtps_c.so\n'}
[6.587978] (realsense2_camera_msgs) StdoutLine: {'line': b'-- Set non-toolchain portion of runtime path of "/workspaces/isaac_ros-dev/install/realsense2_camera_msgs/lib/python3.12/site-packages/realsense2_camera_msgs/realsense2_camera_msgs_s__rosidl_typesupport_fastrtps_c.so" to ""\n'}
[6.588209] (realsense2_camera_msgs) StdoutLine: {'line': b'-- Installing: /workspaces/isaac_ros-dev/install/realsense2_camera_msgs/lib/python3.12/site-packages/realsense2_camera_msgs/realsense2_camera_msgs_s__rosidl_typesupport_introspection_c.so\n'}
[6.588626] (realsense2_camera_msgs) StdoutLine: {'line': b'-- Set non-toolchain portion of runtime path of "/workspaces/isaac_ros-dev/install/realsense2_camera_msgs/lib/python3.12/site-packages/realsense2_camera_msgs/realsense2_camera_msgs_s__rosidl_typesupport_introspection_c.so" to ""\n'}
[6.588815] (realsense2_camera_msgs) StdoutLine: {'line': b'-- Installing: /workspaces/isaac_ros-dev/install/realsense2_camera_msgs/lib/python3.12/site-packages/realsense2_camera_msgs/realsense2_camera_msgs_s__rosidl_typesupport_c.so\n'}
[6.589214] (realsense2_camera_msgs) StdoutLine: {'line': b'-- Set non-toolchain portion of runtime path of "/workspaces/isaac_ros-dev/install/realsense2_camera_msgs/lib/python3.12/site-packages/realsense2_camera_msgs/realsense2_camera_msgs_s__rosidl_typesupport_c.so" to ""\n'}
[6.589314] (realsense2_camera_msgs) StdoutLine: {'line': b'-- Installing: /workspaces/isaac_ros-dev/install/realsense2_camera_msgs/lib/librealsense2_camera_msgs__rosidl_generator_py.so\n'}
[6.589724] (realsense2_camera_msgs) StdoutLine: {'line': b'-- Set non-toolchain portion of runtime path of "/workspaces/isaac_ros-dev/install/realsense2_camera_msgs/lib/librealsense2_camera_msgs__rosidl_generator_py.so" to ""\n'}
[6.589827] (realsense2_camera_msgs) StdoutLine: {'line': b'-- Installing: /workspaces/isaac_ros-dev/install/realsense2_camera_msgs/share/ament_index/resource_index/rust_packages/realsense2_camera_msgs\n'}
[6.589957] (realsense2_camera_msgs) StdoutLine: {'line': b'-- Installing: /workspaces/isaac_ros-dev/install/realsense2_camera_msgs/share/realsense2_camera_msgs/rust\n'}
[6.590037] (realsense2_camera_msgs) StdoutLine: {'line': b'-- Installing: /workspaces/isaac_ros-dev/install/realsense2_camera_msgs/share/realsense2_camera_msgs/rust/Cargo.toml\n'}
[6.590164] (realsense2_camera_msgs) StdoutLine: {'line': b'-- Installing: /workspaces/isaac_ros-dev/install/realsense2_camera_msgs/share/realsense2_camera_msgs/rust/src\n'}
[6.590266] (realsense2_camera_msgs) StdoutLine: {'line': b'-- Installing: /workspaces/isaac_ros-dev/install/realsense2_camera_msgs/share/realsense2_camera_msgs/rust/src/lib.rs\n'}
[6.590388] (realsense2_camera_msgs) StdoutLine: {'line': b'-- Installing: /workspaces/isaac_ros-dev/install/realsense2_camera_msgs/share/realsense2_camera_msgs/rust/src/srv.rs\n'}
[6.590502] (realsense2_camera_msgs) StdoutLine: {'line': b'-- Installing: /workspaces/isaac_ros-dev/install/realsense2_camera_msgs/share/realsense2_camera_msgs/rust/src/srv\n'}
[6.590575] (realsense2_camera_msgs) StdoutLine: {'line': b'-- Installing: /workspaces/isaac_ros-dev/install/realsense2_camera_msgs/share/realsense2_camera_msgs/rust/src/srv/rmw.rs\n'}
[6.590695] (realsense2_camera_msgs) StdoutLine: {'line': b'-- Installing: /workspaces/isaac_ros-dev/install/realsense2_camera_msgs/share/realsense2_camera_msgs/rust/src/msg\n'}
[6.590771] (realsense2_camera_msgs) StdoutLine: {'line': b'-- Installing: /workspaces/isaac_ros-dev/install/realsense2_camera_msgs/share/realsense2_camera_msgs/rust/src/msg/rmw.rs\n'}
[6.590903] (realsense2_camera_msgs) StdoutLine: {'line': b'-- Installing: /workspaces/isaac_ros-dev/install/realsense2_camera_msgs/share/realsense2_camera_msgs/rust/src/msg.rs\n'}
[6.591024] (realsense2_camera_msgs) StdoutLine: {'line': b'-- Installing: /workspaces/isaac_ros-dev/install/realsense2_camera_msgs/share/realsense2_camera_msgs/rust/build.rs\n'}
[6.591184] (realsense2_camera_msgs) StdoutLine: {'line': b'-- Installing: /workspaces/isaac_ros-dev/install/realsense2_camera_msgs/share/realsense2_camera_msgs/msg/IMUInfo.idl\n'}
[6.591385] (realsense2_camera_msgs) StdoutLine: {'line': b'-- Installing: /workspaces/isaac_ros-dev/install/realsense2_camera_msgs/share/realsense2_camera_msgs/msg/Extrinsics.idl\n'}
[6.591554] (realsense2_camera_msgs) StdoutLine: {'line': b'-- Installing: /workspaces/isaac_ros-dev/install/realsense2_camera_msgs/share/realsense2_camera_msgs/msg/Metadata.idl\n'}
[6.591742] (realsense2_camera_msgs) StdoutLine: {'line': b'-- Installing: /workspaces/isaac_ros-dev/install/realsense2_camera_msgs/share/realsense2_camera_msgs/msg/RGBD.idl\n'}
[6.591935] (realsense2_camera_msgs) StdoutLine: {'line': b'-- Installing: /workspaces/isaac_ros-dev/install/realsense2_camera_msgs/share/realsense2_camera_msgs/srv/DeviceInfo.idl\n'}
[6.592131] (realsense2_camera_msgs) StdoutLine: {'line': b'-- Installing: /workspaces/isaac_ros-dev/install/realsense2_camera_msgs/share/realsense2_camera_msgs/msg/IMUInfo.msg\n'}
[6.592317] (realsense2_camera_msgs) StdoutLine: {'line': b'-- Installing: /workspaces/isaac_ros-dev/install/realsense2_camera_msgs/share/realsense2_camera_msgs/msg/Extrinsics.msg\n'}
[6.592505] (realsense2_camera_msgs) StdoutLine: {'line': b'-- Installing: /workspaces/isaac_ros-dev/install/realsense2_camera_msgs/share/realsense2_camera_msgs/msg/Metadata.msg\n'}
[6.592691] (realsense2_camera_msgs) StdoutLine: {'line': b'-- Installing: /workspaces/isaac_ros-dev/install/realsense2_camera_msgs/share/realsense2_camera_msgs/msg/RGBD.msg\n'}
[6.592884] (realsense2_camera_msgs) StdoutLine: {'line': b'-- Installing: /workspaces/isaac_ros-dev/install/realsense2_camera_msgs/share/realsense2_camera_msgs/srv/DeviceInfo.srv\n'}
[6.593139] (realsense2_camera_msgs) StdoutLine: {'line': b'-- Installing: /workspaces/isaac_ros-dev/install/realsense2_camera_msgs/share/ament_index/resource_index/package_run_dependencies/realsense2_camera_msgs\n'}
[6.593382] (realsense2_camera_msgs) StdoutLine: {'line': b'-- Installing: /workspaces/isaac_ros-dev/install/realsense2_camera_msgs/share/ament_index/resource_index/parent_prefix_path/realsense2_camera_msgs\n'}
[6.593557] (realsense2_camera_msgs) StdoutLine: {'line': b'-- Installing: /workspaces/isaac_ros-dev/install/realsense2_camera_msgs/share/realsense2_camera_msgs/environment/ament_prefix_path.sh\n'}
[6.593721] (realsense2_camera_msgs) StdoutLine: {'line': b'-- Installing: /workspaces/isaac_ros-dev/install/realsense2_camera_msgs/share/realsense2_camera_msgs/environment/ament_prefix_path.dsv\n'}
[6.593867] (realsense2_camera_msgs) StdoutLine: {'line': b'-- Installing: /workspaces/isaac_ros-dev/install/realsense2_camera_msgs/share/realsense2_camera_msgs/environment/path.sh\n'}
[6.594028] (realsense2_camera_msgs) StdoutLine: {'line': b'-- Installing: /workspaces/isaac_ros-dev/install/realsense2_camera_msgs/share/realsense2_camera_msgs/environment/path.dsv\n'}
[6.594187] (realsense2_camera_msgs) StdoutLine: {'line': b'-- Installing: /workspaces/isaac_ros-dev/install/realsense2_camera_msgs/share/realsense2_camera_msgs/local_setup.bash\n'}
[6.594329] (realsense2_camera_msgs) StdoutLine: {'line': b'-- Installing: /workspaces/isaac_ros-dev/install/realsense2_camera_msgs/share/realsense2_camera_msgs/local_setup.sh\n'}
[6.594493] (realsense2_camera_msgs) StdoutLine: {'line': b'-- Installing: /workspaces/isaac_ros-dev/install/realsense2_camera_msgs/share/realsense2_camera_msgs/local_setup.zsh\n'}
[6.594647] (realsense2_camera_msgs) StdoutLine: {'line': b'-- Installing: /workspaces/isaac_ros-dev/install/realsense2_camera_msgs/share/realsense2_camera_msgs/local_setup.dsv\n'}
[6.594793] (realsense2_camera_msgs) StdoutLine: {'line': b'-- Installing: /workspaces/isaac_ros-dev/install/realsense2_camera_msgs/share/realsense2_camera_msgs/package.dsv\n'}
[6.594983] (realsense2_camera_msgs) StdoutLine: {'line': b'-- Installing: /workspaces/isaac_ros-dev/install/realsense2_camera_msgs/share/ament_index/resource_index/packages/realsense2_camera_msgs\n'}
[6.595186] (realsense2_camera_msgs) StdoutLine: {'line': b'-- Installing: /workspaces/isaac_ros-dev/install/realsense2_camera_msgs/share/realsense2_camera_msgs/cmake/export_realsense2_camera_msgs__rosidl_generator_cExport.cmake\n'}
[6.595345] (realsense2_camera_msgs) StdoutLine: {'line': b'-- Installing: /workspaces/isaac_ros-dev/install/realsense2_camera_msgs/share/realsense2_camera_msgs/cmake/export_realsense2_camera_msgs__rosidl_generator_cExport-noconfig.cmake\n'}
[6.595504] (realsense2_camera_msgs) StdoutLine: {'line': b'-- Installing: /workspaces/isaac_ros-dev/install/realsense2_camera_msgs/share/realsense2_camera_msgs/cmake/export_realsense2_camera_msgs__rosidl_typesupport_fastrtps_cExport.cmake\n'}
[6.595652] (realsense2_camera_msgs) StdoutLine: {'line': b'-- Installing: /workspaces/isaac_ros-dev/install/realsense2_camera_msgs/share/realsense2_camera_msgs/cmake/export_realsense2_camera_msgs__rosidl_typesupport_fastrtps_cExport-noconfig.cmake\n'}
[6.595811] (realsense2_camera_msgs) StdoutLine: {'line': b'-- Installing: /workspaces/isaac_ros-dev/install/realsense2_camera_msgs/share/realsense2_camera_msgs/cmake/realsense2_camera_msgs__rosidl_typesupport_introspection_cExport.cmake\n'}
[6.595958] (realsense2_camera_msgs) StdoutLine: {'line': b'-- Installing: /workspaces/isaac_ros-dev/install/realsense2_camera_msgs/share/realsense2_camera_msgs/cmake/realsense2_camera_msgs__rosidl_typesupport_introspection_cExport-noconfig.cmake\n'}
[6.596119] (realsense2_camera_msgs) StdoutLine: {'line': b'-- Installing: /workspaces/isaac_ros-dev/install/realsense2_camera_msgs/share/realsense2_camera_msgs/cmake/realsense2_camera_msgs__rosidl_typesupport_cExport.cmake\n'}
[6.596278] (realsense2_camera_msgs) StdoutLine: {'line': b'-- Installing: /workspaces/isaac_ros-dev/install/realsense2_camera_msgs/share/realsense2_camera_msgs/cmake/realsense2_camera_msgs__rosidl_typesupport_cExport-noconfig.cmake\n'}
[6.596451] (realsense2_camera_msgs) StdoutLine: {'line': b'-- Installing: /workspaces/isaac_ros-dev/install/realsense2_camera_msgs/share/realsense2_camera_msgs/cmake/export_realsense2_camera_msgs__rosidl_generator_cppExport.cmake\n'}
[6.596615] (realsense2_camera_msgs) StdoutLine: {'line': b'-- Installing: /workspaces/isaac_ros-dev/install/realsense2_camera_msgs/share/realsense2_camera_msgs/cmake/export_realsense2_camera_msgs__rosidl_typesupport_fastrtps_cppExport.cmake\n'}
[6.596763] (realsense2_camera_msgs) StdoutLine: {'line': b'-- Installing: /workspaces/isaac_ros-dev/install/realsense2_camera_msgs/share/realsense2_camera_msgs/cmake/export_realsense2_camera_msgs__rosidl_typesupport_fastrtps_cppExport-noconfig.cmake\n'}
[6.596929] (realsense2_camera_msgs) StdoutLine: {'line': b'-- Installing: /workspaces/isaac_ros-dev/install/realsense2_camera_msgs/share/realsense2_camera_msgs/cmake/realsense2_camera_msgs__rosidl_typesupport_introspection_cppExport.cmake\n'}
[6.597080] (realsense2_camera_msgs) StdoutLine: {'line': b'-- Installing: /workspaces/isaac_ros-dev/install/realsense2_camera_msgs/share/realsense2_camera_msgs/cmake/realsense2_camera_msgs__rosidl_typesupport_introspection_cppExport-noconfig.cmake\n'}
[6.597245] (realsense2_camera_msgs) StdoutLine: {'line': b'-- Installing: /workspaces/isaac_ros-dev/install/realsense2_camera_msgs/share/realsense2_camera_msgs/cmake/realsense2_camera_msgs__rosidl_typesupport_cppExport.cmake\n'}
[6.597395] (realsense2_camera_msgs) StdoutLine: {'line': b'-- Installing: /workspaces/isaac_ros-dev/install/realsense2_camera_msgs/share/realsense2_camera_msgs/cmake/realsense2_camera_msgs__rosidl_typesupport_cppExport-noconfig.cmake\n'}
[6.597552] (realsense2_camera_msgs) StdoutLine: {'line': b'-- Installing: /workspaces/isaac_ros-dev/install/realsense2_camera_msgs/share/realsense2_camera_msgs/cmake/export_realsense2_camera_msgs__rosidl_generator_pyExport.cmake\n'}
[6.597719] (realsense2_camera_msgs) StdoutLine: {'line': b'-- Installing: /workspaces/isaac_ros-dev/install/realsense2_camera_msgs/share/realsense2_camera_msgs/cmake/export_realsense2_camera_msgs__rosidl_generator_pyExport-noconfig.cmake\n'}
[6.597863] (realsense2_camera_msgs) StdoutLine: {'line': b'-- Installing: /workspaces/isaac_ros-dev/install/realsense2_camera_msgs/share/realsense2_camera_msgs/cmake/rosidl_cmake-extras.cmake\n'}
[6.598005] (realsense2_camera_msgs) StdoutLine: {'line': b'-- Installing: /workspaces/isaac_ros-dev/install/realsense2_camera_msgs/share/realsense2_camera_msgs/cmake/ament_cmake_export_dependencies-extras.cmake\n'}
[6.598160] (realsense2_camera_msgs) StdoutLine: {'line': b'-- Installing: /workspaces/isaac_ros-dev/install/realsense2_camera_msgs/share/realsense2_camera_msgs/cmake/ament_cmake_export_include_directories-extras.cmake\n'}
[6.598299] (realsense2_camera_msgs) StdoutLine: {'line': b'-- Installing: /workspaces/isaac_ros-dev/install/realsense2_camera_msgs/share/realsense2_camera_msgs/cmake/ament_cmake_export_libraries-extras.cmake\n'}
[6.598446] (realsense2_camera_msgs) StdoutLine: {'line': b'-- Installing: /workspaces/isaac_ros-dev/install/realsense2_camera_msgs/share/realsense2_camera_msgs/cmake/ament_cmake_export_targets-extras.cmake\n'}
[6.598597] (realsense2_camera_msgs) StdoutLine: {'line': b'-- Installing: /workspaces/isaac_ros-dev/install/realsense2_camera_msgs/share/realsense2_camera_msgs/cmake/rosidl_cmake_export_typesupport_targets-extras.cmake\n'}
[6.598754] (realsense2_camera_msgs) StdoutLine: {'line': b'-- Installing: /workspaces/isaac_ros-dev/install/realsense2_camera_msgs/share/realsense2_camera_msgs/cmake/rosidl_cmake_export_typesupport_libraries-extras.cmake\n'}
[6.598910] (realsense2_camera_msgs) StdoutLine: {'line': b'-- Installing: /workspaces/isaac_ros-dev/install/realsense2_camera_msgs/share/realsense2_camera_msgs/cmake/realsense2_camera_msgsConfig.cmake\n'}
[6.599033] (realsense2_camera_msgs) StdoutLine: {'line': b'-- Installing: /workspaces/isaac_ros-dev/install/realsense2_camera_msgs/share/realsense2_camera_msgs/cmake/realsense2_camera_msgsConfig-version.cmake\n'}
[6.599181] (realsense2_camera_msgs) StdoutLine: {'line': b'-- Installing: /workspaces/isaac_ros-dev/install/realsense2_camera_msgs/share/realsense2_camera_msgs/package.xml\n'}
[6.601188] (realsense2_camera_msgs) CommandEnded: {'returncode': 0}
[6.614500] (-) TimerEvent: {}
[6.620008] (realsense2_camera_msgs) JobEnded: {'identifier': 'realsense2_camera_msgs', 'rc': 0}
[6.620949] (realsense2_camera) JobStarted: {'identifier': 'realsense2_camera'}
[6.623223] (realsense2_description) JobStarted: {'identifier': 'realsense2_description'}
[6.626716] (realsense2_camera) JobProgress: {'identifier': 'realsense2_camera', 'progress': 'cmake'}
[6.627128] (realsense2_camera) Command: {'cmd': ['/usr/bin/cmake', '/workspaces/isaac_ros-dev/src/realsense2_camera', '-DUSE_LIFECYCLE_NODE=OFF', '-DCMAKE_INSTALL_PREFIX=/workspaces/isaac_ros-dev/install/realsense2_camera'], 'cwd': '/workspaces/isaac_ros-dev/build/realsense2_camera', 'env': OrderedDict({'LESSOPEN': '| /usr/bin/lesspipe %s', 'NVIDIA_CTK_LIBCUDA_DIR': '/usr/lib/x86_64-linux-gnu', 'USER': 'fred', 'HOSTNAME': 'fredDesktop', 'SHLVL': '1', 'LD_LIBRARY_PATH': '/workspaces/isaac_ros-dev/install/realsense2_camera_msgs/lib:/opt/ros/jazzy/lib/x86_64-linux-gnu:/opt/ros/jazzy/lib', 'HOME': '/home/admin', 'HOST_USER_GID': '1000', 'ROS_PYTHON_VERSION': '3', 'LC_CTYPE': 'C.UTF-8', 'COLORTERM': 'truecolor', 'ROS_DISTRO': 'jazzy', 'FORCE_COLOR': 'true', '_': '/usr/bin/colcon', 'ROS_VERSION': '2', 'NVIDIA_DRIVER_CAPABILITIES': 'all', 'USERNAME': 'admin', 'TERM': 'xterm-256color', 'ISAAC_ROS_WS': '/workspaces/isaac_ros-dev', 'PATH': '/home/admin/.local/bin:/opt/ros/jazzy/bin:/usr/local/nvidia/bin:/usr/local/cuda/bin:/usr/src/tensorrt/bin:/usr/local/sbin:/usr/local/bin:/usr/sbin:/usr/bin:/sbin:/bin', 'HOST_USER_UID': '1000', 'DISPLAY': ':1', 'LS_COLORS': 'rs=0:di=01;34:ln=01;36:mh=00:pi=40;33:so=01;35:do=01;35:bd=40;33;01:cd=40;33;01:or=40;31;01:mi=00:su=37;41:sg=30;43:ca=00:tw=30;42:ow=34;42:st=37;44:ex=01;32:*.tar=01;31:*.tgz=01;31:*.arc=01;31:*.arj=01;31:*.taz=01;31:*.lha=01;31:*.lz4=01;31:*.lzh=01;31:*.lzma=01;31:*.tlz=01;31:*.txz=01;31:*.tzo=01;31:*.t7z=01;31:*.zip=01;31:*.z=01;31:*.dz=01;31:*.gz=01;31:*.lrz=01;31:*.lz=01;31:*.lzo=01;31:*.xz=01;31:*.zst=01;31:*.tzst=01;31:*.bz2=01;31:*.bz=01;31:*.tbz=01;31:*.tbz2=01;31:*.tz=01;31:*.deb=01;31:*.rpm=01;31:*.jar=01;31:*.war=01;31:*.ear=01;31:*.sar=01;31:*.rar=01;31:*.alz=01;31:*.ace=01;31:*.zoo=01;31:*.cpio=01;31:*.7z=01;31:*.rz=01;31:*.cab=01;31:*.wim=01;31:*.swm=01;31:*.dwm=01;31:*.esd=01;31:*.avif=01;35:*.jpg=01;35:*.jpeg=01;35:*.mjpg=01;35:*.mjpeg=01;35:*.gif=01;35:*.bmp=01;35:*.pbm=01;35:*.pgm=01;35:*.ppm=01;35:*.tga=01;35:*.xbm=01;35:*.xpm=01;35:*.tif=01;35:*.tiff=01;35:*.png=01;35:*.svg=01;35:*.svgz=01;35:*.mng=01;35:*.pcx=01;35:*.mov=01;35:*.mpg=01;35:*.mpeg=01;35:*.m2v=01;35:*.mkv=01;35:*.webm=01;35:*.webp=01;35:*.ogm=01;35:*.mp4=01;35:*.m4v=01;35:*.mp4v=01;35:*.vob=01;35:*.qt=01;35:*.nuv=01;35:*.wmv=01;35:*.asf=01;35:*.rm=01;35:*.rmvb=01;35:*.flc=01;35:*.avi=01;35:*.fli=01;35:*.flv=01;35:*.gl=01;35:*.dl=01;35:*.xcf=01;35:*.xwd=01;35:*.yuv=01;35:*.cgm=01;35:*.emf=01;35:*.ogv=01;35:*.ogx=01;35:*.aac=00;36:*.au=00;36:*.flac=00;36:*.m4a=00;36:*.mid=00;36:*.midi=00;36:*.mka=00;36:*.mp3=00;36:*.mpc=00;36:*.ogg=00;36:*.ra=00;36:*.wav=00;36:*.oga=00;36:*.opus=00;36:*.spx=00;36:*.xspf=00;36:*~=00;90:*#=00;90:*.bak=00;90:*.crdownload=00;90:*.dpkg-dist=00;90:*.dpkg-new=00;90:*.dpkg-old=00;90:*.dpkg-tmp=00;90:*.old=00;90:*.orig=00;90:*.part=00;90:*.rej=00;90:*.rpmnew=00;90:*.rpmorig=00;90:*.rpmsave=00;90:*.swp=00;90:*.tmp=00;90:*.ucf-dist=00;90:*.ucf-new=00;90:*.ucf-old=00;90:', 'ROS_ROOT': '/opt/ros/jazzy', 'AMENT_PREFIX_PATH': '/workspaces/isaac_ros-dev/install/realsense2_camera_msgs:/opt/ros/jazzy', 'DEBIAN_FRONTEND': 'noninteractive', 'SHELL': '/bin/bash', 'LESSCLOSE': '/usr/bin/lesspipe %s %s', 'ROS_AUTOMATIC_DISCOVERY_RANGE': 'SUBNET', 'PWD': '/workspaces/isaac_ros-dev/build/realsense2_camera', 'ISAAC_ROS_PLATFORM': 'amd64', 'PYTHONPATH': '/workspaces/isaac_ros-dev/install/realsense2_camera_msgs/lib/python3.12/site-packages:/opt/ros/jazzy/lib/python3.12/site-packages', 'NVIDIA_VISIBLE_DEVICES': 'void', 'COLCON': '1', 'CMAKE_PREFIX_PATH': '/workspaces/isaac_ros-dev/install/realsense2_camera_msgs:/opt/ros/jazzy'}), 'shell': False}
[6.628793] (realsense2_description) JobProgress: {'identifier': 'realsense2_description', 'progress': 'cmake'}
[6.629293] (realsense2_description) Command: {'cmd': ['/usr/bin/cmake', '/workspaces/isaac_ros-dev/src/realsense2_description', '-DUSE_LIFECYCLE_NODE=OFF', '-DCMAKE_INSTALL_PREFIX=/workspaces/isaac_ros-dev/install/realsense2_description'], 'cwd': '/workspaces/isaac_ros-dev/build/realsense2_description', 'env': OrderedDict({'LESSOPEN': '| /usr/bin/lesspipe %s', 'NVIDIA_CTK_LIBCUDA_DIR': '/usr/lib/x86_64-linux-gnu', 'USER': 'fred', 'HOSTNAME': 'fredDesktop', 'SHLVL': '1', 'LD_LIBRARY_PATH': '/workspaces/isaac_ros-dev/install/realsense2_camera_msgs/lib:/opt/ros/jazzy/lib/x86_64-linux-gnu:/opt/ros/jazzy/lib', 'HOME': '/home/admin', 'HOST_USER_GID': '1000', 'ROS_PYTHON_VERSION': '3', 'LC_CTYPE': 'C.UTF-8', 'COLORTERM': 'truecolor', 'ROS_DISTRO': 'jazzy', 'FORCE_COLOR': 'true', '_': '/usr/bin/colcon', 'ROS_VERSION': '2', 'NVIDIA_DRIVER_CAPABILITIES': 'all', 'USERNAME': 'admin', 'TERM': 'xterm-256color', 'ISAAC_ROS_WS': '/workspaces/isaac_ros-dev', 'PATH': '/home/admin/.local/bin:/opt/ros/jazzy/bin:/usr/local/nvidia/bin:/usr/local/cuda/bin:/usr/src/tensorrt/bin:/usr/local/sbin:/usr/local/bin:/usr/sbin:/usr/bin:/sbin:/bin', 'HOST_USER_UID': '1000', 'DISPLAY': ':1', 'LS_COLORS': 'rs=0:di=01;34:ln=01;36:mh=00:pi=40;33:so=01;35:do=01;35:bd=40;33;01:cd=40;33;01:or=40;31;01:mi=00:su=37;41:sg=30;43:ca=00:tw=30;42:ow=34;42:st=37;44:ex=01;32:*.tar=01;31:*.tgz=01;31:*.arc=01;31:*.arj=01;31:*.taz=01;31:*.lha=01;31:*.lz4=01;31:*.lzh=01;31:*.lzma=01;31:*.tlz=01;31:*.txz=01;31:*.tzo=01;31:*.t7z=01;31:*.zip=01;31:*.z=01;31:*.dz=01;31:*.gz=01;31:*.lrz=01;31:*.lz=01;31:*.lzo=01;31:*.xz=01;31:*.zst=01;31:*.tzst=01;31:*.bz2=01;31:*.bz=01;31:*.tbz=01;31:*.tbz2=01;31:*.tz=01;31:*.deb=01;31:*.rpm=01;31:*.jar=01;31:*.war=01;31:*.ear=01;31:*.sar=01;31:*.rar=01;31:*.alz=01;31:*.ace=01;31:*.zoo=01;31:*.cpio=01;31:*.7z=01;31:*.rz=01;31:*.cab=01;31:*.wim=01;31:*.swm=01;31:*.dwm=01;31:*.esd=01;31:*.avif=01;35:*.jpg=01;35:*.jpeg=01;35:*.mjpg=01;35:*.mjpeg=01;35:*.gif=01;35:*.bmp=01;35:*.pbm=01;35:*.pgm=01;35:*.ppm=01;35:*.tga=01;35:*.xbm=01;35:*.xpm=01;35:*.tif=01;35:*.tiff=01;35:*.png=01;35:*.svg=01;35:*.svgz=01;35:*.mng=01;35:*.pcx=01;35:*.mov=01;35:*.mpg=01;35:*.mpeg=01;35:*.m2v=01;35:*.mkv=01;35:*.webm=01;35:*.webp=01;35:*.ogm=01;35:*.mp4=01;35:*.m4v=01;35:*.mp4v=01;35:*.vob=01;35:*.qt=01;35:*.nuv=01;35:*.wmv=01;35:*.asf=01;35:*.rm=01;35:*.rmvb=01;35:*.flc=01;35:*.avi=01;35:*.fli=01;35:*.flv=01;35:*.gl=01;35:*.dl=01;35:*.xcf=01;35:*.xwd=01;35:*.yuv=01;35:*.cgm=01;35:*.emf=01;35:*.ogv=01;35:*.ogx=01;35:*.aac=00;36:*.au=00;36:*.flac=00;36:*.m4a=00;36:*.mid=00;36:*.midi=00;36:*.mka=00;36:*.mp3=00;36:*.mpc=00;36:*.ogg=00;36:*.ra=00;36:*.wav=00;36:*.oga=00;36:*.opus=00;36:*.spx=00;36:*.xspf=00;36:*~=00;90:*#=00;90:*.bak=00;90:*.crdownload=00;90:*.dpkg-dist=00;90:*.dpkg-new=00;90:*.dpkg-old=00;90:*.dpkg-tmp=00;90:*.old=00;90:*.orig=00;90:*.part=00;90:*.rej=00;90:*.rpmnew=00;90:*.rpmorig=00;90:*.rpmsave=00;90:*.swp=00;90:*.tmp=00;90:*.ucf-dist=00;90:*.ucf-new=00;90:*.ucf-old=00;90:', 'ROS_ROOT': '/opt/ros/jazzy', 'AMENT_PREFIX_PATH': '/workspaces/isaac_ros-dev/install/realsense2_camera_msgs:/opt/ros/jazzy', 'DEBIAN_FRONTEND': 'noninteractive', 'SHELL': '/bin/bash', 'LESSCLOSE': '/usr/bin/lesspipe %s %s', 'ROS_AUTOMATIC_DISCOVERY_RANGE': 'SUBNET', 'PWD': '/workspaces/isaac_ros-dev/build/realsense2_description', 'ISAAC_ROS_PLATFORM': 'amd64', 'PYTHONPATH': '/workspaces/isaac_ros-dev/install/realsense2_camera_msgs/lib/python3.12/site-packages:/opt/ros/jazzy/lib/python3.12/site-packages', 'NVIDIA_VISIBLE_DEVICES': 'void', 'COLCON': '1', 'CMAKE_PREFIX_PATH': '/workspaces/isaac_ros-dev/install/realsense2_camera_msgs:/opt/ros/jazzy'}), 'shell': False}
[6.676270] (realsense2_camera) StdoutLine: {'line': b'-- The C compiler identification is GNU 13.3.0\n'}
[6.677231] (realsense2_description) StdoutLine: {'line': b'-- The C compiler identification is GNU 13.3.0\n'}
[6.714600] (-) TimerEvent: {}
[6.728702] (realsense2_camera) StdoutLine: {'line': b'-- The CXX compiler identification is GNU 13.3.0\n'}
[6.728911] (realsense2_description) StdoutLine: {'line': b'-- The CXX compiler identification is GNU 13.3.0\n'}
[6.742483] (realsense2_description) StdoutLine: {'line': b'-- Detecting C compiler ABI info\n'}
[6.742754] (realsense2_camera) StdoutLine: {'line': b'-- Detecting C compiler ABI info\n'}
[6.814701] (-) TimerEvent: {}
[6.818827] (realsense2_description) StdoutLine: {'line': b'-- Detecting C compiler ABI info - done\n'}
[6.818976] (realsense2_camera) StdoutLine: {'line': b'-- Detecting C compiler ABI info - done\n'}
[6.827610] (realsense2_description) StdoutLine: {'line': b'-- Check for working C compiler: /usr/bin/cc - skipped\n'}
[6.827796] (realsense2_description) StdoutLine: {'line': b'-- Detecting C compile features\n'}
[6.827899] (realsense2_camera) StdoutLine: {'line': b'-- Check for working C compiler: /usr/bin/cc - skipped\n'}
[6.828117] (realsense2_camera) StdoutLine: {'line': b'-- Detecting C compile features\n'}
[6.828219] (realsense2_description) StdoutLine: {'line': b'-- Detecting C compile features - done\n'}
[6.828483] (realsense2_camera) StdoutLine: {'line': b'-- Detecting C compile features - done\n'}
[6.835497] (realsense2_description) StdoutLine: {'line': b'-- Detecting CXX compiler ABI info\n'}
[6.836080] (realsense2_camera) StdoutLine: {'line': b'-- Detecting CXX compiler ABI info\n'}
[6.914801] (-) TimerEvent: {}
[6.917726] (realsense2_description) StdoutLine: {'line': b'-- Detecting CXX compiler ABI info - done\n'}
[6.918266] (realsense2_camera) StdoutLine: {'line': b'-- Detecting CXX compiler ABI info - done\n'}
[6.926757] (realsense2_description) StdoutLine: {'line': b'-- Check for working CXX compiler: /usr/bin/c++ - skipped\n'}
[6.927058] (realsense2_description) StdoutLine: {'line': b'-- Detecting CXX compile features\n'}
[6.927509] (realsense2_description) StdoutLine: {'line': b'-- Detecting CXX compile features - done\n'}
[6.927677] (realsense2_camera) StdoutLine: {'line': b'-- Check for working CXX compiler: /usr/bin/c++ - skipped\n'}
[6.927982] (realsense2_camera) StdoutLine: {'line': b'-- Detecting CXX compile features\n'}
[6.928421] (realsense2_camera) StdoutLine: {'line': b'-- Detecting CXX compile features - done\n'}
[6.929081] (realsense2_camera) StdoutLine: {'line': b'-- Create Release Build.\n'}
[6.929982] (realsense2_description) StdoutLine: {'line': b'-- Found ament_cmake: 2.5.6 (/opt/ros/jazzy/share/ament_cmake/cmake)\n'}
[6.930930] (realsense2_camera) StdoutLine: {'line': b'-- Found ament_cmake: 2.5.6 (/opt/ros/jazzy/share/ament_cmake/cmake)\n'}
[7.014882] (-) TimerEvent: {}
[7.034269] (realsense2_description) StdoutLine: {'line': b'-- Found Python3: /usr/bin/python3 (found version "3.12.3") found components: Interpreter \n'}
[7.034812] (realsense2_camera) StdoutLine: {'line': b'-- Found Python3: /usr/bin/python3 (found version "3.12.3") found components: Interpreter \n'}
[7.115019] (-) TimerEvent: {}
[7.126597] (realsense2_camera) StdoutLine: {'line': b'-- Found builtin_interfaces: 2.0.3 (/opt/ros/jazzy/share/builtin_interfaces/cmake)\n'}
[7.165694] (realsense2_camera) StdoutLine: {'line': b'-- Found rosidl_generator_c: 4.6.7 (/opt/ros/jazzy/share/rosidl_generator_c/cmake)\n'}
[7.177888] (realsense2_camera) StdoutLine: {'line': b'-- Found rosidl_generator_cpp: 4.6.7 (/opt/ros/jazzy/share/rosidl_generator_cpp/cmake)\n'}
[7.192239] (realsense2_camera) StdoutLine: {'line': b'-- Using all available rosidl_typesupport_c: rosidl_typesupport_fastrtps_c;rosidl_typesupport_introspection_c\n'}
[7.205099] (realsense2_description) StdoutLine: {'line': b'-- Configuring done (0.6s)\n'}
[7.208665] (realsense2_description) StdoutLine: {'line': b'-- Generating done (0.0s)\n'}
[7.209361] (realsense2_camera) StdoutLine: {'line': b'-- Using all available rosidl_typesupport_cpp: rosidl_typesupport_fastrtps_cpp;rosidl_typesupport_introspection_cpp\n'}
[7.209487] (realsense2_description) StderrLine: {'line': b'\x1b[33mCMake Warning:\n'}
[7.209615] (realsense2_description) StderrLine: {'line': b'  Manually-specified variables were not used by the project:\n'}
[7.209720] (realsense2_description) StderrLine: {'line': b'\n'}
[7.209821] (realsense2_description) StderrLine: {'line': b'    USE_LIFECYCLE_NODE\n'}
[7.209909] (realsense2_description) StderrLine: {'line': b'\n'}
[7.210003] (realsense2_description) StderrLine: {'line': b'\x1b[0m\n'}
[7.210740] (realsense2_description) StdoutLine: {'line': b'-- Build files have been written to: /workspaces/isaac_ros-dev/build/realsense2_description\n'}
[7.215080] (realsense2_description) CommandEnded: {'returncode': 0}
[7.215410] (-) TimerEvent: {}
[7.215694] (realsense2_description) JobProgress: {'identifier': 'realsense2_description', 'progress': 'build'}
[7.216099] (realsense2_description) Command: {'cmd': ['/usr/bin/cmake', '--build', '/workspaces/isaac_ros-dev/build/realsense2_description', '--', '-j16', '-l16'], 'cwd': '/workspaces/isaac_ros-dev/build/realsense2_description', 'env': OrderedDict({'LESSOPEN': '| /usr/bin/lesspipe %s', 'NVIDIA_CTK_LIBCUDA_DIR': '/usr/lib/x86_64-linux-gnu', 'USER': 'fred', 'HOSTNAME': 'fredDesktop', 'SHLVL': '1', 'LD_LIBRARY_PATH': '/workspaces/isaac_ros-dev/install/realsense2_camera_msgs/lib:/opt/ros/jazzy/lib/x86_64-linux-gnu:/opt/ros/jazzy/lib', 'HOME': '/home/admin', 'HOST_USER_GID': '1000', 'ROS_PYTHON_VERSION': '3', 'LC_CTYPE': 'C.UTF-8', 'COLORTERM': 'truecolor', 'ROS_DISTRO': 'jazzy', 'FORCE_COLOR': 'true', '_': '/usr/bin/colcon', 'ROS_VERSION': '2', 'NVIDIA_DRIVER_CAPABILITIES': 'all', 'USERNAME': 'admin', 'TERM': 'xterm-256color', 'ISAAC_ROS_WS': '/workspaces/isaac_ros-dev', 'PATH': '/home/admin/.local/bin:/opt/ros/jazzy/bin:/usr/local/nvidia/bin:/usr/local/cuda/bin:/usr/src/tensorrt/bin:/usr/local/sbin:/usr/local/bin:/usr/sbin:/usr/bin:/sbin:/bin', 'HOST_USER_UID': '1000', 'DISPLAY': ':1', 'LS_COLORS': 'rs=0:di=01;34:ln=01;36:mh=00:pi=40;33:so=01;35:do=01;35:bd=40;33;01:cd=40;33;01:or=40;31;01:mi=00:su=37;41:sg=30;43:ca=00:tw=30;42:ow=34;42:st=37;44:ex=01;32:*.tar=01;31:*.tgz=01;31:*.arc=01;31:*.arj=01;31:*.taz=01;31:*.lha=01;31:*.lz4=01;31:*.lzh=01;31:*.lzma=01;31:*.tlz=01;31:*.txz=01;31:*.tzo=01;31:*.t7z=01;31:*.zip=01;31:*.z=01;31:*.dz=01;31:*.gz=01;31:*.lrz=01;31:*.lz=01;31:*.lzo=01;31:*.xz=01;31:*.zst=01;31:*.tzst=01;31:*.bz2=01;31:*.bz=01;31:*.tbz=01;31:*.tbz2=01;31:*.tz=01;31:*.deb=01;31:*.rpm=01;31:*.jar=01;31:*.war=01;31:*.ear=01;31:*.sar=01;31:*.rar=01;31:*.alz=01;31:*.ace=01;31:*.zoo=01;31:*.cpio=01;31:*.7z=01;31:*.rz=01;31:*.cab=01;31:*.wim=01;31:*.swm=01;31:*.dwm=01;31:*.esd=01;31:*.avif=01;35:*.jpg=01;35:*.jpeg=01;35:*.mjpg=01;35:*.mjpeg=01;35:*.gif=01;35:*.bmp=01;35:*.pbm=01;35:*.pgm=01;35:*.ppm=01;35:*.tga=01;35:*.xbm=01;35:*.xpm=01;35:*.tif=01;35:*.tiff=01;35:*.png=01;35:*.svg=01;35:*.svgz=01;35:*.mng=01;35:*.pcx=01;35:*.mov=01;35:*.mpg=01;35:*.mpeg=01;35:*.m2v=01;35:*.mkv=01;35:*.webm=01;35:*.webp=01;35:*.ogm=01;35:*.mp4=01;35:*.m4v=01;35:*.mp4v=01;35:*.vob=01;35:*.qt=01;35:*.nuv=01;35:*.wmv=01;35:*.asf=01;35:*.rm=01;35:*.rmvb=01;35:*.flc=01;35:*.avi=01;35:*.fli=01;35:*.flv=01;35:*.gl=01;35:*.dl=01;35:*.xcf=01;35:*.xwd=01;35:*.yuv=01;35:*.cgm=01;35:*.emf=01;35:*.ogv=01;35:*.ogx=01;35:*.aac=00;36:*.au=00;36:*.flac=00;36:*.m4a=00;36:*.mid=00;36:*.midi=00;36:*.mka=00;36:*.mp3=00;36:*.mpc=00;36:*.ogg=00;36:*.ra=00;36:*.wav=00;36:*.oga=00;36:*.opus=00;36:*.spx=00;36:*.xspf=00;36:*~=00;90:*#=00;90:*.bak=00;90:*.crdownload=00;90:*.dpkg-dist=00;90:*.dpkg-new=00;90:*.dpkg-old=00;90:*.dpkg-tmp=00;90:*.old=00;90:*.orig=00;90:*.part=00;90:*.rej=00;90:*.rpmnew=00;90:*.rpmorig=00;90:*.rpmsave=00;90:*.swp=00;90:*.tmp=00;90:*.ucf-dist=00;90:*.ucf-new=00;90:*.ucf-old=00;90:', 'ROS_ROOT': '/opt/ros/jazzy', 'AMENT_PREFIX_PATH': '/workspaces/isaac_ros-dev/install/realsense2_camera_msgs:/opt/ros/jazzy', 'DEBIAN_FRONTEND': 'noninteractive', 'SHELL': '/bin/bash', 'LESSCLOSE': '/usr/bin/lesspipe %s %s', 'ROS_AUTOMATIC_DISCOVERY_RANGE': 'SUBNET', 'PWD': '/workspaces/isaac_ros-dev/build/realsense2_description', 'ISAAC_ROS_PLATFORM': 'amd64', 'PYTHONPATH': '/workspaces/isaac_ros-dev/install/realsense2_camera_msgs/lib/python3.12/site-packages:/opt/ros/jazzy/lib/python3.12/site-packages', 'NVIDIA_VISIBLE_DEVICES': 'void', 'COLCON': '1', 'CMAKE_PREFIX_PATH': '/workspaces/isaac_ros-dev/install/realsense2_camera_msgs:/opt/ros/jazzy'}), 'shell': False}
[7.224865] (realsense2_camera) StdoutLine: {'line': b'-- Found cv_bridge: 4.1.0 (/opt/ros/jazzy/share/cv_bridge/cmake)\n'}
[7.255075] (realsense2_description) CommandEnded: {'returncode': 0}
[7.255884] (realsense2_description) JobProgress: {'identifier': 'realsense2_description', 'progress': 'install'}
[7.256325] (realsense2_description) Command: {'cmd': ['/usr/bin/cmake', '--install', '/workspaces/isaac_ros-dev/build/realsense2_description'], 'cwd': '/workspaces/isaac_ros-dev/build/realsense2_description', 'env': OrderedDict({'LESSOPEN': '| /usr/bin/lesspipe %s', 'NVIDIA_CTK_LIBCUDA_DIR': '/usr/lib/x86_64-linux-gnu', 'USER': 'fred', 'HOSTNAME': 'fredDesktop', 'SHLVL': '1', 'LD_LIBRARY_PATH': '/workspaces/isaac_ros-dev/install/realsense2_camera_msgs/lib:/opt/ros/jazzy/lib/x86_64-linux-gnu:/opt/ros/jazzy/lib', 'HOME': '/home/admin', 'HOST_USER_GID': '1000', 'ROS_PYTHON_VERSION': '3', 'LC_CTYPE': 'C.UTF-8', 'COLORTERM': 'truecolor', 'ROS_DISTRO': 'jazzy', 'FORCE_COLOR': 'true', '_': '/usr/bin/colcon', 'ROS_VERSION': '2', 'NVIDIA_DRIVER_CAPABILITIES': 'all', 'USERNAME': 'admin', 'TERM': 'xterm-256color', 'ISAAC_ROS_WS': '/workspaces/isaac_ros-dev', 'PATH': '/home/admin/.local/bin:/opt/ros/jazzy/bin:/usr/local/nvidia/bin:/usr/local/cuda/bin:/usr/src/tensorrt/bin:/usr/local/sbin:/usr/local/bin:/usr/sbin:/usr/bin:/sbin:/bin', 'HOST_USER_UID': '1000', 'DISPLAY': ':1', 'LS_COLORS': 'rs=0:di=01;34:ln=01;36:mh=00:pi=40;33:so=01;35:do=01;35:bd=40;33;01:cd=40;33;01:or=40;31;01:mi=00:su=37;41:sg=30;43:ca=00:tw=30;42:ow=34;42:st=37;44:ex=01;32:*.tar=01;31:*.tgz=01;31:*.arc=01;31:*.arj=01;31:*.taz=01;31:*.lha=01;31:*.lz4=01;31:*.lzh=01;31:*.lzma=01;31:*.tlz=01;31:*.txz=01;31:*.tzo=01;31:*.t7z=01;31:*.zip=01;31:*.z=01;31:*.dz=01;31:*.gz=01;31:*.lrz=01;31:*.lz=01;31:*.lzo=01;31:*.xz=01;31:*.zst=01;31:*.tzst=01;31:*.bz2=01;31:*.bz=01;31:*.tbz=01;31:*.tbz2=01;31:*.tz=01;31:*.deb=01;31:*.rpm=01;31:*.jar=01;31:*.war=01;31:*.ear=01;31:*.sar=01;31:*.rar=01;31:*.alz=01;31:*.ace=01;31:*.zoo=01;31:*.cpio=01;31:*.7z=01;31:*.rz=01;31:*.cab=01;31:*.wim=01;31:*.swm=01;31:*.dwm=01;31:*.esd=01;31:*.avif=01;35:*.jpg=01;35:*.jpeg=01;35:*.mjpg=01;35:*.mjpeg=01;35:*.gif=01;35:*.bmp=01;35:*.pbm=01;35:*.pgm=01;35:*.ppm=01;35:*.tga=01;35:*.xbm=01;35:*.xpm=01;35:*.tif=01;35:*.tiff=01;35:*.png=01;35:*.svg=01;35:*.svgz=01;35:*.mng=01;35:*.pcx=01;35:*.mov=01;35:*.mpg=01;35:*.mpeg=01;35:*.m2v=01;35:*.mkv=01;35:*.webm=01;35:*.webp=01;35:*.ogm=01;35:*.mp4=01;35:*.m4v=01;35:*.mp4v=01;35:*.vob=01;35:*.qt=01;35:*.nuv=01;35:*.wmv=01;35:*.asf=01;35:*.rm=01;35:*.rmvb=01;35:*.flc=01;35:*.avi=01;35:*.fli=01;35:*.flv=01;35:*.gl=01;35:*.dl=01;35:*.xcf=01;35:*.xwd=01;35:*.yuv=01;35:*.cgm=01;35:*.emf=01;35:*.ogv=01;35:*.ogx=01;35:*.aac=00;36:*.au=00;36:*.flac=00;36:*.m4a=00;36:*.mid=00;36:*.midi=00;36:*.mka=00;36:*.mp3=00;36:*.mpc=00;36:*.ogg=00;36:*.ra=00;36:*.wav=00;36:*.oga=00;36:*.opus=00;36:*.spx=00;36:*.xspf=00;36:*~=00;90:*#=00;90:*.bak=00;90:*.crdownload=00;90:*.dpkg-dist=00;90:*.dpkg-new=00;90:*.dpkg-old=00;90:*.dpkg-tmp=00;90:*.old=00;90:*.orig=00;90:*.part=00;90:*.rej=00;90:*.rpmnew=00;90:*.rpmorig=00;90:*.rpmsave=00;90:*.swp=00;90:*.tmp=00;90:*.ucf-dist=00;90:*.ucf-new=00;90:*.ucf-old=00;90:', 'ROS_ROOT': '/opt/ros/jazzy', 'AMENT_PREFIX_PATH': '/workspaces/isaac_ros-dev/install/realsense2_camera_msgs:/opt/ros/jazzy', 'DEBIAN_FRONTEND': 'noninteractive', 'SHELL': '/bin/bash', 'LESSCLOSE': '/usr/bin/lesspipe %s %s', 'ROS_AUTOMATIC_DISCOVERY_RANGE': 'SUBNET', 'PWD': '/workspaces/isaac_ros-dev/build/realsense2_description', 'ISAAC_ROS_PLATFORM': 'amd64', 'PYTHONPATH': '/workspaces/isaac_ros-dev/install/realsense2_camera_msgs/lib/python3.12/site-packages:/opt/ros/jazzy/lib/python3.12/site-packages', 'NVIDIA_VISIBLE_DEVICES': 'void', 'COLCON': '1', 'CMAKE_PREFIX_PATH': '/workspaces/isaac_ros-dev/install/realsense2_camera_msgs:/opt/ros/jazzy'}), 'shell': False}
[7.266018] (realsense2_description) StdoutLine: {'line': b'-- Install configuration: ""\n'}
[7.266214] (realsense2_description) StdoutLine: {'line': b'-- Installing: /workspaces/isaac_ros-dev/install/realsense2_description/share/realsense2_description/launch\n'}
[7.266324] (realsense2_description) StdoutLine: {'line': b'-- Installing: /workspaces/isaac_ros-dev/install/realsense2_description/share/realsense2_description/launch/launch_utils.py\n'}
[7.266410] (realsense2_description) StdoutLine: {'line': b'-- Installing: /workspaces/isaac_ros-dev/install/realsense2_description/share/realsense2_description/launch/view_model.launch.py\n'}
[7.266498] (realsense2_description) StdoutLine: {'line': b'-- Installing: /workspaces/isaac_ros-dev/install/realsense2_description/share/realsense2_description/meshes\n'}
[7.266597] (realsense2_description) StdoutLine: {'line': b'-- Installing: /workspaces/isaac_ros-dev/install/realsense2_description/share/realsense2_description/meshes/d435.dae\n'}
[7.280469] (realsense2_description) StdoutLine: {'line': b'-- Installing: /workspaces/isaac_ros-dev/install/realsense2_description/share/realsense2_description/meshes/plug.stl\n'}
[7.280750] (realsense2_description) StdoutLine: {'line': b'-- Installing: /workspaces/isaac_ros-dev/install/realsense2_description/share/realsense2_description/meshes/d455.stl\n'}
[7.282771] (realsense2_description) StdoutLine: {'line': b'-- Installing: /workspaces/isaac_ros-dev/install/realsense2_description/share/realsense2_description/meshes/d405.stl\n'}
[7.283051] (realsense2_description) StdoutLine: {'line': b'-- Installing: /workspaces/isaac_ros-dev/install/realsense2_description/share/realsense2_description/meshes/l515.dae\n'}
[7.308412] (realsense2_description) StdoutLine: {'line': b'-- Installing: /workspaces/isaac_ros-dev/install/realsense2_description/share/realsense2_description/meshes/plug_collision.stl\n'}
[7.308604] (realsense2_description) StdoutLine: {'line': b'-- Installing: /workspaces/isaac_ros-dev/install/realsense2_description/share/realsense2_description/meshes/d415.stl\n'}
[7.315484] (-) TimerEvent: {}
[7.324530] (realsense2_description) StdoutLine: {'line': b'-- Installing: /workspaces/isaac_ros-dev/install/realsense2_description/share/realsense2_description/rviz\n'}
[7.324688] (realsense2_description) StdoutLine: {'line': b'-- Installing: /workspaces/isaac_ros-dev/install/realsense2_description/share/realsense2_description/rviz/urdf.rviz\n'}
[7.324792] (realsense2_description) StdoutLine: {'line': b'-- Installing: /workspaces/isaac_ros-dev/install/realsense2_description/share/realsense2_description/urdf\n'}
[7.324877] (realsense2_description) StdoutLine: {'line': b'-- Installing: /workspaces/isaac_ros-dev/install/realsense2_description/share/realsense2_description/urdf/_d435i_imu_modules.urdf.xacro\n'}
[7.324963] (realsense2_description) StdoutLine: {'line': b'-- Installing: /workspaces/isaac_ros-dev/install/realsense2_description/share/realsense2_description/urdf/test_d435_multiple_cameras.urdf.xacro\n'}
[7.325046] (realsense2_description) StdoutLine: {'line': b'-- Installing: /workspaces/isaac_ros-dev/install/realsense2_description/share/realsense2_description/urdf/_d405.urdf.xacro\n'}
[7.325163] (realsense2_description) StdoutLine: {'line': b'-- Installing: /workspaces/isaac_ros-dev/install/realsense2_description/share/realsense2_description/urdf/_materials.urdf.xacro\n'}
[7.325268] (realsense2_description) StdoutLine: {'line': b'-- Installing: /workspaces/isaac_ros-dev/install/realsense2_description/share/realsense2_description/urdf/_d415.urdf.xacro\n'}
[7.325384] (realsense2_description) StdoutLine: {'line': b'-- Installing: /workspaces/isaac_ros-dev/install/realsense2_description/share/realsense2_description/urdf/test_r430_camera.urdf.xacro\n'}
[7.325501] (realsense2_description) StdoutLine: {'line': b'-- Installing: /workspaces/isaac_ros-dev/install/realsense2_description/share/realsense2_description/urdf/test_r410_camera.urdf.xacro\n'}
[7.325614] (realsense2_description) StdoutLine: {'line': b'-- Installing: /workspaces/isaac_ros-dev/install/realsense2_description/share/realsense2_description/urdf/test_d435_camera.urdf.xacro\n'}
[7.325732] (realsense2_description) StdoutLine: {'line': b'-- Installing: /workspaces/isaac_ros-dev/install/realsense2_description/share/realsense2_description/urdf/_d435i.urdf.xacro\n'}
[7.325843] (realsense2_description) StdoutLine: {'line': b'-- Installing: /workspaces/isaac_ros-dev/install/realsense2_description/share/realsense2_description/urdf/test_d435i_camera.urdf.xacro\n'}
[7.325955] (realsense2_description) StdoutLine: {'line': b'-- Installing: /workspaces/isaac_ros-dev/install/realsense2_description/share/realsense2_description/urdf/_d455.urdf.xacro\n'}
[7.326078] (realsense2_description) StdoutLine: {'line': b'-- Installing: /workspaces/isaac_ros-dev/install/realsense2_description/share/realsense2_description/urdf/_d435.urdf.xacro\n'}
[7.326202] (realsense2_description) StdoutLine: {'line': b'-- Installing: /workspaces/isaac_ros-dev/install/realsense2_description/share/realsense2_description/urdf/test_d455_camera.urdf.xacro\n'}
[7.326314] (realsense2_description) StdoutLine: {'line': b'-- Installing: /workspaces/isaac_ros-dev/install/realsense2_description/share/realsense2_description/urdf/_r430.urdf.xacro\n'}
[7.326430] (realsense2_description) StdoutLine: {'line': b'-- Installing: /workspaces/isaac_ros-dev/install/realsense2_description/share/realsense2_description/urdf/_r410.urdf.xacro\n'}
[7.326547] (realsense2_description) StdoutLine: {'line': b'-- Installing: /workspaces/isaac_ros-dev/install/realsense2_description/share/realsense2_description/urdf/test_d415_camera.urdf.xacro\n'}
[7.326659] (realsense2_description) StdoutLine: {'line': b'-- Installing: /workspaces/isaac_ros-dev/install/realsense2_description/share/realsense2_description/urdf/test_d405_camera.urdf.xacro\n'}
[7.326775] (realsense2_description) StdoutLine: {'line': b'-- Installing: /workspaces/isaac_ros-dev/install/realsense2_description/share/realsense2_description/urdf/_usb_plug.urdf.xacro\n'}
[7.327026] (realsense2_description) StdoutLine: {'line': b'-- Installing: /workspaces/isaac_ros-dev/install/realsense2_description/share/ament_index/resource_index/package_run_dependencies/realsense2_description\n'}
[7.327242] (realsense2_description) StdoutLine: {'line': b'-- Installing: /workspaces/isaac_ros-dev/install/realsense2_description/share/ament_index/resource_index/parent_prefix_path/realsense2_description\n'}
[7.327472] (realsense2_description) StdoutLine: {'line': b'-- Installing: /workspaces/isaac_ros-dev/install/realsense2_description/share/realsense2_description/environment/ament_prefix_path.sh\n'}
[7.327644] (realsense2_description) StdoutLine: {'line': b'-- Installing: /workspaces/isaac_ros-dev/install/realsense2_description/share/realsense2_description/environment/ament_prefix_path.dsv\n'}
[7.327802] (realsense2_description) StdoutLine: {'line': b'-- Installing: /workspaces/isaac_ros-dev/install/realsense2_description/share/realsense2_description/environment/path.sh\n'}
[7.327972] (realsense2_description) StdoutLine: {'line': b'-- Installing: /workspaces/isaac_ros-dev/install/realsense2_description/share/realsense2_description/environment/path.dsv\n'}
[7.328133] (realsense2_description) StdoutLine: {'line': b'-- Installing: /workspaces/isaac_ros-dev/install/realsense2_description/share/realsense2_description/local_setup.bash\n'}
[7.328271] (realsense2_description) StdoutLine: {'line': b'-- Installing: /workspaces/isaac_ros-dev/install/realsense2_description/share/realsense2_description/local_setup.sh\n'}
[7.328416] (realsense2_description) StdoutLine: {'line': b'-- Installing: /workspaces/isaac_ros-dev/install/realsense2_description/share/realsense2_description/local_setup.zsh\n'}
[7.328554] (realsense2_description) StdoutLine: {'line': b'-- Installing: /workspaces/isaac_ros-dev/install/realsense2_description/share/realsense2_description/local_setup.dsv\n'}
[7.328696] (realsense2_description) StdoutLine: {'line': b'-- Installing: /workspaces/isaac_ros-dev/install/realsense2_description/share/realsense2_description/package.dsv\n'}
[7.328881] (realsense2_description) StdoutLine: {'line': b'-- Installing: /workspaces/isaac_ros-dev/install/realsense2_description/share/ament_index/resource_index/packages/realsense2_description\n'}
[7.329057] (realsense2_description) StdoutLine: {'line': b'-- Installing: /workspaces/isaac_ros-dev/install/realsense2_description/share/realsense2_description/cmake/realsense2_descriptionConfig.cmake\n'}
[7.329191] (realsense2_description) StdoutLine: {'line': b'-- Installing: /workspaces/isaac_ros-dev/install/realsense2_description/share/realsense2_description/cmake/realsense2_descriptionConfig-version.cmake\n'}
[7.329327] (realsense2_description) StdoutLine: {'line': b'-- Installing: /workspaces/isaac_ros-dev/install/realsense2_description/share/realsense2_description/package.xml\n'}
[7.330912] (realsense2_description) CommandEnded: {'returncode': 0}
[7.340223] (realsense2_description) JobEnded: {'identifier': 'realsense2_description', 'rc': 0}
[7.369381] (realsense2_camera) StdoutLine: {'line': b'-- Found rmw_implementation_cmake: 7.3.3 (/opt/ros/jazzy/share/rmw_implementation_cmake/cmake)\n'}
[7.371902] (realsense2_camera) StdoutLine: {'line': b'-- Found rmw_fastrtps_cpp: 8.4.3 (/opt/ros/jazzy/share/rmw_fastrtps_cpp/cmake)\n'}
[7.415632] (-) TimerEvent: {}
[7.445269] (realsense2_camera) StdoutLine: {'line': b'-- Found OpenSSL: /usr/lib/x86_64-linux-gnu/libcrypto.so (found version "3.0.13")  \n'}
[7.464247] (realsense2_camera) StdoutLine: {'line': b'-- Found FastRTPS: /opt/ros/jazzy/include (Required is at least version "2.13") \n'}
[7.487900] (realsense2_camera) StdoutLine: {'line': b"-- Using RMW implementation 'rmw_fastrtps_cpp' as default\n"}
[7.515775] (-) TimerEvent: {}
[7.559034] (realsense2_camera) StdoutLine: {'line': b'-- Found image_transport: 5.1.7 (/opt/ros/jazzy/share/image_transport/cmake)\n'}
[7.585610] (realsense2_camera) StdoutLine: {'line': b'-- Found rclcpp_components: 28.1.18 (/opt/ros/jazzy/share/rclcpp_components/cmake)\n'}
[7.612164] (realsense2_camera) StdoutLine: {'line': b'-- Found realsense2_camera_msgs: 4.55.1 (/workspaces/isaac_ros-dev/install/realsense2_camera_msgs/share/realsense2_camera_msgs/cmake)\n'}
[7.615782] (-) TimerEvent: {}
[7.641237] (realsense2_camera) StdoutLine: {'line': b'-- Found nav_msgs: 5.3.7 (/opt/ros/jazzy/share/nav_msgs/cmake)\n'}
[7.668804] (realsense2_camera) StdoutLine: {'line': b'-- Found tf2_ros: 0.36.20 (/opt/ros/jazzy/share/tf2_ros/cmake)\n'}
[7.715883] (-) TimerEvent: {}
[7.756528] (realsense2_camera) StdoutLine: {'line': b'-- Found diagnostic_updater: 4.2.6 (/opt/ros/jazzy/share/diagnostic_updater/cmake)\n'}
[7.786154] (realsense2_camera) StdoutLine: {'line': b'-- Found OpenCV: /usr (found version "4.6.0") found components: core \n'}
[7.788783] (realsense2_camera) StdoutLine: {'line': b'-- Build for ROS2 Jazzy\n'}
[7.793602] (realsense2_camera) StdoutLine: {'line': b'-- Found ament_cmake_gtest: 2.5.6 (/opt/ros/jazzy/share/ament_cmake_gtest/cmake)\n'}
[7.796035] (realsense2_camera) StdoutLine: {'line': b"-- Found gtest sources under '/opt/ros/jazzy/src/gtest_vendor': C++ tests using 'Google Test' will be built\n"}
[7.798677] (realsense2_camera) StdoutLine: {'line': b'-- Performing Test CMAKE_HAVE_LIBC_PTHREAD\n'}
[7.815977] (-) TimerEvent: {}
[7.880054] (realsense2_camera) StdoutLine: {'line': b'-- Performing Test CMAKE_HAVE_LIBC_PTHREAD - Success\n'}
[7.881689] (realsense2_camera) StdoutLine: {'line': b'-- Found Threads: TRUE  \n'}
[7.885437] (realsense2_camera) StdoutLine: {'line': b'-- Found ament_cmake_pytest: 2.5.6 (/opt/ros/jazzy/share/ament_cmake_pytest/cmake)\n'}
[7.916058] (-) TimerEvent: {}
[8.016247] (-) TimerEvent: {}
[8.116459] (-) TimerEvent: {}
[8.216671] (-) TimerEvent: {}
[8.316877] (-) TimerEvent: {}
[8.417085] (-) TimerEvent: {}
[8.517372] (-) TimerEvent: {}
[8.617587] (-) TimerEvent: {}
[8.717823] (-) TimerEvent: {}
[8.818030] (-) TimerEvent: {}
[8.918266] (-) TimerEvent: {}
[9.018514] (-) TimerEvent: {}
[9.118711] (-) TimerEvent: {}
[9.218924] (-) TimerEvent: {}
[9.319132] (-) TimerEvent: {}
[9.419339] (-) TimerEvent: {}
[9.519556] (-) TimerEvent: {}
[9.619833] (-) TimerEvent: {}
[9.720103] (-) TimerEvent: {}
[9.820343] (-) TimerEvent: {}
[9.920571] (-) TimerEvent: {}
[10.020785] (-) TimerEvent: {}
[10.121018] (-) TimerEvent: {}
[10.221250] (-) TimerEvent: {}
[10.321516] (-) TimerEvent: {}
[10.421741] (-) TimerEvent: {}
[10.521957] (-) TimerEvent: {}
[10.622206] (-) TimerEvent: {}
[10.722444] (-) TimerEvent: {}
[10.822704] (-) TimerEvent: {}
[10.922980] (-) TimerEvent: {}
[11.023276] (-) TimerEvent: {}
[11.123546] (-) TimerEvent: {}
[11.223786] (-) TimerEvent: {}
[11.324027] (-) TimerEvent: {}
[11.424271] (-) TimerEvent: {}
[11.524506] (-) TimerEvent: {}
[11.624742] (-) TimerEvent: {}
[11.724977] (-) TimerEvent: {}
[11.825236] (-) TimerEvent: {}
[11.925477] (-) TimerEvent: {}
[12.025699] (-) TimerEvent: {}
[12.125940] (-) TimerEvent: {}
[12.226178] (-) TimerEvent: {}
[12.326418] (-) TimerEvent: {}
[12.426655] (-) TimerEvent: {}
[12.526888] (-) TimerEvent: {}
[12.591323] (realsense2_camera) StdoutLine: {'line': b'-- rs_device_info:\n'}
[12.591497] (realsense2_camera) StdoutLine: {'line': b'-- No device detected. Is it plugged in?\n'}
[12.591564] (realsense2_camera) StdoutLine: {'line': b'\n'}
[12.626959] (-) TimerEvent: {}
[12.678714] (realsense2_camera) StdoutLine: {'line': b'-- Configuring done (6.0s)\n'}
[12.714529] (realsense2_camera) StdoutLine: {'line': b'-- Generating done (0.0s)\n'}
[12.716398] (realsense2_camera) StderrLine: {'line': b'\x1b[33mCMake Warning:\n'}
[12.716661] (realsense2_camera) StderrLine: {'line': b'  Manually-specified variables were not used by the project:\n'}
[12.716817] (realsense2_camera) StderrLine: {'line': b'\n'}
[12.716890] (realsense2_camera) StderrLine: {'line': b'    USE_LIFECYCLE_NODE\n'}
[12.716947] (realsense2_camera) StderrLine: {'line': b'\n'}
[12.717000] (realsense2_camera) StderrLine: {'line': b'\x1b[0m\n'}
[12.722324] (realsense2_camera) StdoutLine: {'line': b'-- Build files have been written to: /workspaces/isaac_ros-dev/build/realsense2_camera\n'}
[12.727019] (-) TimerEvent: {}
[12.733114] (realsense2_camera) CommandEnded: {'returncode': 0}
[12.733925] (realsense2_camera) JobProgress: {'identifier': 'realsense2_camera', 'progress': 'build'}
[12.734421] (realsense2_camera) Command: {'cmd': ['/usr/bin/cmake', '--build', '/workspaces/isaac_ros-dev/build/realsense2_camera', '--', '-j16', '-l16'], 'cwd': '/workspaces/isaac_ros-dev/build/realsense2_camera', 'env': OrderedDict({'LESSOPEN': '| /usr/bin/lesspipe %s', 'NVIDIA_CTK_LIBCUDA_DIR': '/usr/lib/x86_64-linux-gnu', 'USER': 'fred', 'HOSTNAME': 'fredDesktop', 'SHLVL': '1', 'LD_LIBRARY_PATH': '/workspaces/isaac_ros-dev/install/realsense2_camera_msgs/lib:/opt/ros/jazzy/lib/x86_64-linux-gnu:/opt/ros/jazzy/lib', 'HOME': '/home/admin', 'HOST_USER_GID': '1000', 'ROS_PYTHON_VERSION': '3', 'LC_CTYPE': 'C.UTF-8', 'COLORTERM': 'truecolor', 'ROS_DISTRO': 'jazzy', 'FORCE_COLOR': 'true', '_': '/usr/bin/colcon', 'ROS_VERSION': '2', 'NVIDIA_DRIVER_CAPABILITIES': 'all', 'USERNAME': 'admin', 'TERM': 'xterm-256color', 'ISAAC_ROS_WS': '/workspaces/isaac_ros-dev', 'PATH': '/home/admin/.local/bin:/opt/ros/jazzy/bin:/usr/local/nvidia/bin:/usr/local/cuda/bin:/usr/src/tensorrt/bin:/usr/local/sbin:/usr/local/bin:/usr/sbin:/usr/bin:/sbin:/bin', 'HOST_USER_UID': '1000', 'DISPLAY': ':1', 'LS_COLORS': 'rs=0:di=01;34:ln=01;36:mh=00:pi=40;33:so=01;35:do=01;35:bd=40;33;01:cd=40;33;01:or=40;31;01:mi=00:su=37;41:sg=30;43:ca=00:tw=30;42:ow=34;42:st=37;44:ex=01;32:*.tar=01;31:*.tgz=01;31:*.arc=01;31:*.arj=01;31:*.taz=01;31:*.lha=01;31:*.lz4=01;31:*.lzh=01;31:*.lzma=01;31:*.tlz=01;31:*.txz=01;31:*.tzo=01;31:*.t7z=01;31:*.zip=01;31:*.z=01;31:*.dz=01;31:*.gz=01;31:*.lrz=01;31:*.lz=01;31:*.lzo=01;31:*.xz=01;31:*.zst=01;31:*.tzst=01;31:*.bz2=01;31:*.bz=01;31:*.tbz=01;31:*.tbz2=01;31:*.tz=01;31:*.deb=01;31:*.rpm=01;31:*.jar=01;31:*.war=01;31:*.ear=01;31:*.sar=01;31:*.rar=01;31:*.alz=01;31:*.ace=01;31:*.zoo=01;31:*.cpio=01;31:*.7z=01;31:*.rz=01;31:*.cab=01;31:*.wim=01;31:*.swm=01;31:*.dwm=01;31:*.esd=01;31:*.avif=01;35:*.jpg=01;35:*.jpeg=01;35:*.mjpg=01;35:*.mjpeg=01;35:*.gif=01;35:*.bmp=01;35:*.pbm=01;35:*.pgm=01;35:*.ppm=01;35:*.tga=01;35:*.xbm=01;35:*.xpm=01;35:*.tif=01;35:*.tiff=01;35:*.png=01;35:*.svg=01;35:*.svgz=01;35:*.mng=01;35:*.pcx=01;35:*.mov=01;35:*.mpg=01;35:*.mpeg=01;35:*.m2v=01;35:*.mkv=01;35:*.webm=01;35:*.webp=01;35:*.ogm=01;35:*.mp4=01;35:*.m4v=01;35:*.mp4v=01;35:*.vob=01;35:*.qt=01;35:*.nuv=01;35:*.wmv=01;35:*.asf=01;35:*.rm=01;35:*.rmvb=01;35:*.flc=01;35:*.avi=01;35:*.fli=01;35:*.flv=01;35:*.gl=01;35:*.dl=01;35:*.xcf=01;35:*.xwd=01;35:*.yuv=01;35:*.cgm=01;35:*.emf=01;35:*.ogv=01;35:*.ogx=01;35:*.aac=00;36:*.au=00;36:*.flac=00;36:*.m4a=00;36:*.mid=00;36:*.midi=00;36:*.mka=00;36:*.mp3=00;36:*.mpc=00;36:*.ogg=00;36:*.ra=00;36:*.wav=00;36:*.oga=00;36:*.opus=00;36:*.spx=00;36:*.xspf=00;36:*~=00;90:*#=00;90:*.bak=00;90:*.crdownload=00;90:*.dpkg-dist=00;90:*.dpkg-new=00;90:*.dpkg-old=00;90:*.dpkg-tmp=00;90:*.old=00;90:*.orig=00;90:*.part=00;90:*.rej=00;90:*.rpmnew=00;90:*.rpmorig=00;90:*.rpmsave=00;90:*.swp=00;90:*.tmp=00;90:*.ucf-dist=00;90:*.ucf-new=00;90:*.ucf-old=00;90:', 'ROS_ROOT': '/opt/ros/jazzy', 'AMENT_PREFIX_PATH': '/workspaces/isaac_ros-dev/install/realsense2_camera_msgs:/opt/ros/jazzy', 'DEBIAN_FRONTEND': 'noninteractive', 'SHELL': '/bin/bash', 'LESSCLOSE': '/usr/bin/lesspipe %s %s', 'ROS_AUTOMATIC_DISCOVERY_RANGE': 'SUBNET', 'PWD': '/workspaces/isaac_ros-dev/build/realsense2_camera', 'ISAAC_ROS_PLATFORM': 'amd64', 'PYTHONPATH': '/workspaces/isaac_ros-dev/install/realsense2_camera_msgs/lib/python3.12/site-packages:/opt/ros/jazzy/lib/python3.12/site-packages', 'NVIDIA_VISIBLE_DEVICES': 'void', 'COLCON': '1', 'CMAKE_PREFIX_PATH': '/workspaces/isaac_ros-dev/install/realsense2_camera_msgs:/opt/ros/jazzy'}), 'shell': False}
[12.786637] (realsense2_camera) StdoutLine: {'line': b'[  9%] \x1b[32mBuilding CXX object gtest/CMakeFiles/gtest_main.dir/src/gtest_main.cc.o\x1b[0m\n'}
[12.786917] (realsense2_camera) StdoutLine: {'line': b'[  9%] \x1b[32mBuilding CXX object CMakeFiles/realsense2_camera_node.dir/rclcpp_components/node_main_realsense2_camera_node.cpp.o\x1b[0m\n'}
[12.788023] (realsense2_camera) StdoutLine: {'line': b'[ 18%] \x1b[32mBuilding CXX object CMakeFiles/realsense2_camera.dir/src/parameters.cpp.o\x1b[0m\n'}
[12.788160] (realsense2_camera) StdoutLine: {'line': b'[ 18%] \x1b[32mBuilding CXX object CMakeFiles/realsense2_camera.dir/src/rs_node_setup.cpp.o\x1b[0m\n'}
[12.788271] (realsense2_camera) StdoutLine: {'line': b'[ 22%] \x1b[32mBuilding CXX object CMakeFiles/realsense2_camera.dir/src/ros_sensor.cpp.o\x1b[0m\n'}
[12.788353] (realsense2_camera) StdoutLine: {'line': b'[ 27%] \x1b[32mBuilding CXX object CMakeFiles/realsense2_camera.dir/src/ros_utils.cpp.o\x1b[0m\n'}
[12.788431] (realsense2_camera) StdoutLine: {'line': b'[ 31%] \x1b[32mBuilding CXX object gtest/CMakeFiles/gtest.dir/src/gtest-all.cc.o\x1b[0m\n'}
[12.788543] (realsense2_camera) StdoutLine: {'line': b'[ 36%] \x1b[32mBuilding CXX object CMakeFiles/realsense2_camera.dir/src/base_realsense_node.cpp.o\x1b[0m\n'}
[12.788822] (realsense2_camera) StdoutLine: {'line': b'[ 45%] \x1b[32mBuilding CXX object CMakeFiles/realsense2_camera.dir/src/sensor_params.cpp.o\x1b[0m\n'}
[12.789025] (realsense2_camera) StdoutLine: {'line': b'[ 50%] \x1b[32mBuilding CXX object CMakeFiles/realsense2_camera.dir/src/profile_manager.cpp.o\x1b[0m\n'}
[12.789182] (realsense2_camera) StdoutLine: {'line': b'[ 50%] \x1b[32mBuilding CXX object CMakeFiles/realsense2_camera.dir/src/realsense_node_factory.cpp.o\x1b[0m\n'}
[12.789274] (realsense2_camera) StdoutLine: {'line': b'[ 54%] \x1b[32mBuilding CXX object CMakeFiles/realsense2_camera.dir/src/dynamic_params.cpp.o\x1b[0m\n'}
[12.790538] (realsense2_camera) StdoutLine: {'line': b'[ 59%] \x1b[32mBuilding CXX object CMakeFiles/realsense2_camera.dir/src/image_publisher.cpp.o\x1b[0m\n'}
[12.796207] (realsense2_camera) StdoutLine: {'line': b'[ 68%] \x1b[32mBuilding CXX object CMakeFiles/realsense2_camera.dir/src/ros_param_backend.cpp.o\x1b[0m\n'}
[12.796450] (realsense2_camera) StdoutLine: {'line': b'[ 68%] \x1b[32mBuilding CXX object CMakeFiles/realsense2_camera.dir/src/tfs.cpp.o\x1b[0m\n'}
[12.796557] (realsense2_camera) StdoutLine: {'line': b'[ 72%] \x1b[32mBuilding CXX object CMakeFiles/realsense2_camera.dir/src/named_filter.cpp.o\x1b[0m\n'}
[12.827141] (-) TimerEvent: {}
[12.927423] (-) TimerEvent: {}
[13.027727] (-) TimerEvent: {}
[13.131289] (-) TimerEvent: {}
[13.231714] (-) TimerEvent: {}
[13.332131] (-) TimerEvent: {}
[13.432538] (-) TimerEvent: {}
[13.532931] (-) TimerEvent: {}
[13.633459] (-) TimerEvent: {}
[13.733791] (-) TimerEvent: {}
[13.834150] (-) TimerEvent: {}
[13.869984] (realsense2_camera) StdoutLine: {'line': b'[ 77%] \x1b[32m\x1b[1mLinking CXX static library libgtest_main.a\x1b[0m\n'}
[13.934262] (-) TimerEvent: {}
[13.984031] (realsense2_camera) StdoutLine: {'line': b'[ 77%] Built target gtest_main\n'}
[14.034386] (-) TimerEvent: {}
[14.137334] (-) TimerEvent: {}
[14.239118] (-) TimerEvent: {}
[14.343629] (-) TimerEvent: {}
[14.444521] (-) TimerEvent: {}
[14.545448] (-) TimerEvent: {}
[14.646327] (-) TimerEvent: {}
[14.747167] (-) TimerEvent: {}
[14.847983] (-) TimerEvent: {}
[14.948820] (-) TimerEvent: {}
[15.049167] (-) TimerEvent: {}
[15.149548] (-) TimerEvent: {}
[15.249856] (-) TimerEvent: {}
[15.352752] (-) TimerEvent: {}
[15.475179] (-) TimerEvent: {}
[15.575656] (-) TimerEvent: {}
[15.676051] (-) TimerEvent: {}
[15.776467] (-) TimerEvent: {}
[15.877989] (-) TimerEvent: {}
[15.978408] (-) TimerEvent: {}
[16.091170] (-) TimerEvent: {}
[16.193174] (-) TimerEvent: {}
[16.298167] (-) TimerEvent: {}
[16.398472] (-) TimerEvent: {}
[16.499124] (-) TimerEvent: {}
[16.599410] (-) TimerEvent: {}
[16.703019] (-) TimerEvent: {}
[16.805171] (-) TimerEvent: {}
[16.905574] (-) TimerEvent: {}
[17.006226] (-) TimerEvent: {}
[17.107204] (-) TimerEvent: {}
[17.219414] (-) TimerEvent: {}
[17.320177] (-) TimerEvent: {}
[17.420946] (-) TimerEvent: {}
[17.522171] (-) TimerEvent: {}
[17.622511] (-) TimerEvent: {}
[17.722851] (-) TimerEvent: {}
[17.824485] (-) TimerEvent: {}
[17.927173] (-) TimerEvent: {}
[18.027514] (-) TimerEvent: {}
[18.127845] (-) TimerEvent: {}
[18.228183] (-) TimerEvent: {}
[18.328536] (-) TimerEvent: {}
[18.428824] (-) TimerEvent: {}
[18.463482] (realsense2_camera) StdoutLine: {'line': b'[ 81%] \x1b[32m\x1b[1mLinking CXX executable realsense2_camera_node\x1b[0m\n'}
[18.528953] (-) TimerEvent: {}
[18.630167] (-) TimerEvent: {}
[18.673974] (realsense2_camera) StdoutLine: {'line': b'[ 81%] Built target realsense2_camera_node\n'}
[18.730288] (-) TimerEvent: {}
[18.830618] (-) TimerEvent: {}
[18.930956] (-) TimerEvent: {}
[19.032163] (-) TimerEvent: {}
[19.132472] (-) TimerEvent: {}
[19.232768] (-) TimerEvent: {}
[19.333167] (-) TimerEvent: {}
[19.434601] (-) TimerEvent: {}
[19.537370] (-) TimerEvent: {}
[19.637958] (-) TimerEvent: {}
[19.740171] (-) TimerEvent: {}
[19.840636] (-) TimerEvent: {}
[19.940970] (-) TimerEvent: {}
[20.041298] (-) TimerEvent: {}
[20.141917] (-) TimerEvent: {}
[20.245108] (-) TimerEvent: {}
[20.345453] (-) TimerEvent: {}
[20.445771] (-) TimerEvent: {}
[20.546121] (-) TimerEvent: {}
[20.647168] (-) TimerEvent: {}
[20.747516] (-) TimerEvent: {}
[20.847801] (-) TimerEvent: {}
[20.948177] (-) TimerEvent: {}
[21.048475] (-) TimerEvent: {}
[21.148883] (-) TimerEvent: {}
[21.249183] (-) TimerEvent: {}
[21.349499] (-) TimerEvent: {}
[21.449792] (-) TimerEvent: {}
[21.550111] (-) TimerEvent: {}
[21.650446] (-) TimerEvent: {}
[21.750739] (-) TimerEvent: {}
[21.851028] (-) TimerEvent: {}
[21.951349] (-) TimerEvent: {}
[22.051724] (-) TimerEvent: {}
[22.152031] (-) TimerEvent: {}
[22.252429] (-) TimerEvent: {}
[22.352818] (-) TimerEvent: {}
[22.383194] (realsense2_camera) StdoutLine: {'line': b'[ 86%] \x1b[32m\x1b[1mLinking CXX static library libgtest.a\x1b[0m\n'}
[22.452929] (-) TimerEvent: {}
[22.461972] (realsense2_camera) StdoutLine: {'line': b'[ 86%] Built target gtest\n'}
[22.483288] (realsense2_camera) StdoutLine: {'line': b'[ 90%] \x1b[32mBuilding CXX object CMakeFiles/gtest_template.dir/test/gtest_template.cpp.o\x1b[0m\n'}
[22.553042] (-) TimerEvent: {}
[22.653385] (-) TimerEvent: {}
[22.753770] (-) TimerEvent: {}
[22.854087] (-) TimerEvent: {}
[22.954403] (-) TimerEvent: {}
[23.054679] (-) TimerEvent: {}
[23.154952] (-) TimerEvent: {}
[23.255323] (-) TimerEvent: {}
[23.355637] (-) TimerEvent: {}
[23.455930] (-) TimerEvent: {}
[23.456399] (realsense2_camera) StdoutLine: {'line': b'[ 95%] \x1b[32m\x1b[1mLinking CXX executable gtest_template\x1b[0m\n'}
[23.551481] (realsense2_camera) StdoutLine: {'line': b'[ 95%] Built target gtest_template\n'}
[23.556026] (-) TimerEvent: {}
[23.656312] (-) TimerEvent: {}
[23.756588] (-) TimerEvent: {}
[23.856871] (-) TimerEvent: {}
[23.957137] (-) TimerEvent: {}
[24.057377] (-) TimerEvent: {}
[24.157616] (-) TimerEvent: {}
[24.257862] (-) TimerEvent: {}
[24.358141] (-) TimerEvent: {}
[24.458401] (-) TimerEvent: {}
[24.558668] (-) TimerEvent: {}
[24.658917] (-) TimerEvent: {}
[24.759155] (-) TimerEvent: {}
[24.859392] (-) TimerEvent: {}
[24.959625] (-) TimerEvent: {}
[25.059863] (-) TimerEvent: {}
[25.160108] (-) TimerEvent: {}
[25.260360] (-) TimerEvent: {}
[25.360602] (-) TimerEvent: {}
[25.460839] (-) TimerEvent: {}
[25.561083] (-) TimerEvent: {}
[25.661330] (-) TimerEvent: {}
[25.761587] (-) TimerEvent: {}
[25.861821] (-) TimerEvent: {}
[25.962054] (-) TimerEvent: {}
[26.062302] (-) TimerEvent: {}
[26.162538] (-) TimerEvent: {}
[26.262777] (-) TimerEvent: {}
[26.363033] (-) TimerEvent: {}
[26.463275] (-) TimerEvent: {}
[26.563510] (-) TimerEvent: {}
[26.663743] (-) TimerEvent: {}
[26.763977] (-) TimerEvent: {}
[26.864240] (-) TimerEvent: {}
[26.964494] (-) TimerEvent: {}
[27.064692] (-) TimerEvent: {}
[27.164934] (-) TimerEvent: {}
[27.265169] (-) TimerEvent: {}
[27.365407] (-) TimerEvent: {}
[27.465640] (-) TimerEvent: {}
[27.565874] (-) TimerEvent: {}
[27.666118] (-) TimerEvent: {}
[27.766351] (-) TimerEvent: {}
[27.866586] (-) TimerEvent: {}
[27.874545] (realsense2_camera) StderrLine: {'line': b'In file included from \x1b[01m\x1b[K/usr/include/opencv4/opencv2/core/cv_cpu_dispatch.h:210\x1b[m\x1b[K,\n'}
[27.874899] (realsense2_camera) StderrLine: {'line': b'                 from \x1b[01m\x1b[K/usr/include/opencv4/opencv2/core/cvdef.h:349\x1b[m\x1b[K,\n'}
[27.874970] (realsense2_camera) StderrLine: {'line': b'                 from \x1b[01m\x1b[K/usr/include/opencv4/opencv2/core.hpp:52\x1b[m\x1b[K,\n'}
[27.875032] (realsense2_camera) StderrLine: {'line': b'                 from \x1b[01m\x1b[K/usr/include/opencv4/opencv2/core/core.hpp:48\x1b[m\x1b[K,\n'}
[27.875090] (realsense2_camera) StderrLine: {'line': b'                 from \x1b[01m\x1b[K/opt/ros/jazzy/include/cv_bridge/cv_bridge/cv_bridge.hpp:43\x1b[m\x1b[K,\n'}
[27.875295] (realsense2_camera) StderrLine: {'line': b'                 from \x1b[01m\x1b[K/workspaces/isaac_ros-dev/src/realsense2_camera/src/../include/base_realsense_node.h:23\x1b[m\x1b[K,\n'}
[27.875355] (realsense2_camera) StderrLine: {'line': b'                 from \x1b[01m\x1b[K/workspaces/isaac_ros-dev/src/realsense2_camera/src/base_realsense_node.cpp:15\x1b[m\x1b[K:\n'}
[27.875421] (realsense2_camera) StderrLine: {'line': b'In function \xe2\x80\x98\x1b[01m\x1b[K__m128d\x1b[01;32m\x1b[K _mm_mul_pd\x1b[m\x1b[K(__m128d, __m128d)\x1b[m\x1b[K\xe2\x80\x99,\n'}
[27.875476] (realsense2_camera) StderrLine: {'line': b'    inlined from \xe2\x80\x98\x1b[01m\x1b[KPacket Eigen::internal::\x1b[01;32m\x1b[Kpmul\x1b[m\x1b[K(const Packet&, const Packet&) \x1b[35m\x1b[K[with Packet = __vector(2) double]\x1b[m\x1b[K\x1b[m\x1b[K\xe2\x80\x99 at \x1b[01m\x1b[K/usr/include/eigen3/Eigen/src/Core/arch/SSE/PacketMath.h:347:113\x1b[m\x1b[K,\n'}
[27.875533] (realsense2_camera) StderrLine: {'line': b'    inlined from \xe2\x80\x98\x1b[01m\x1b[KPacket Eigen::internal::scalar_product_op<LhsScalar, RhsScalar>::\x1b[01;32m\x1b[KpacketOp\x1b[m\x1b[K(const Packet&, const Packet&) const \x1b[35m\x1b[K[with Packet = __vector(2) double; LhsScalar = double; RhsScalar = double]\x1b[m\x1b[K\x1b[m\x1b[K\xe2\x80\x99 at \x1b[01m\x1b[K/usr/include/eigen3/Eigen/src/Core/functors/BinaryFunctors.h:83:26\x1b[m\x1b[K,\n'}
[27.875590] (realsense2_camera) StderrLine: {'line': b'    inlined from \xe2\x80\x98\x1b[01m\x1b[KPacketType Eigen::internal::binary_evaluator<Eigen::CwiseBinaryOp<BinaryOp, Lhs, Rhs>, Eigen::internal::IndexBased, Eigen::internal::IndexBased>::\x1b[01;32m\x1b[Kpacket\x1b[m\x1b[K(Eigen::Index, Eigen::Index) const \x1b[35m\x1b[K[with int LoadMode = 0; PacketType = __vector(2) double; BinaryOp = Eigen::internal::scalar_product_op<double, double>; Lhs = const Eigen::Matrix<double, 3, 1>; Rhs = const Eigen::CwiseNullaryOp<Eigen::internal::scalar_constant_op<double>, const Eigen::Matrix<double, 3, 1> >]\x1b[m\x1b[K\x1b[m\x1b[K\xe2\x80\x99 at \x1b[01m\x1b[K/usr/include/eigen3/Eigen/src/Core/CoreEvaluators.h:782:31\x1b[m\x1b[K,\n'}
[27.875658] (realsense2_camera) StderrLine: {'line': b'    inlined from \xe2\x80\x98\x1b[01m\x1b[KPacketType Eigen::internal::binary_evaluator<Eigen::CwiseBinaryOp<BinaryOp, Lhs, Rhs>, Eigen::internal::IndexBased, Eigen::internal::IndexBased>::\x1b[01;32m\x1b[Kpacket\x1b[m\x1b[K(Eigen::Index, Eigen::Index) const \x1b[35m\x1b[K[with int LoadMode = 0; PacketType = __vector(2) double; BinaryOp = Eigen::internal::scalar_sum_op<double, double>; Lhs = const Eigen::CwiseBinaryOp<Eigen::internal::scalar_product_op<double, double>, const Eigen::Matrix<double, 3, 1>, const Eigen::CwiseNullaryOp<Eigen::internal::scalar_constant_op<double>, const Eigen::Matrix<double, 3, 1> > >; Rhs = const Eigen::CwiseBinaryOp<Eigen::internal::scalar_product_op<double, double>, const Eigen::Matrix<double, 3, 1>, const Eigen::CwiseNullaryOp<Eigen::internal::scalar_constant_op<double>, const Eigen::Matrix<double, 3, 1> > >]\x1b[m\x1b[K\x1b[m\x1b[K\xe2\x80\x99 at \x1b[01m\x1b[K/usr/include/eigen3/Eigen/src/Core/CoreEvaluators.h:782:80\x1b[m\x1b[K,\n'}
[27.875717] (realsense2_camera) StderrLine: {'line': b'    inlined from \xe2\x80\x98\x1b[01m\x1b[Kvoid Eigen::internal::generic_dense_assignment_kernel<DstEvaluatorTypeT, SrcEvaluatorTypeT, Functor, Version>::\x1b[01;32m\x1b[KassignPacket\x1b[m\x1b[K(Eigen::Index, Eigen::Index) \x1b[35m\x1b[K[with int StoreMode = 0; int LoadMode = 0; PacketType = __vector(2) double; DstEvaluatorTypeT = Eigen::internal::evaluator<Eigen::Matrix<double, 3, 1> >; SrcEvaluatorTypeT = Eigen::internal::evaluator<Eigen::CwiseBinaryOp<Eigen::internal::scalar_sum_op<double, double>, const Eigen::CwiseBinaryOp<Eigen::internal::scalar_product_op<double, double>, const Eigen::Matrix<double, 3, 1>, const Eigen::CwiseNullaryOp<Eigen::internal::scalar_constant_op<double>, const Eigen::Matrix<double, 3, 1> > >, const Eigen::CwiseBinaryOp<Eigen::internal::scalar_product_op<double, double>, const Eigen::Matrix<double, 3, 1>, const Eigen::CwiseNullaryOp<Eigen::internal::scalar_constant_op<double>, const Eigen::Matrix<double, 3, 1> > > > >; Functor = Eigen::internal::assign_op<double, double>; int Version = 0]\x1b[m\x1b[K\x1b[m\x1b[K\xe2\x80\x99 at \x1b[01m\x1b[K/usr/include/eigen3/Eigen/src/Core/AssignEvaluator.h:675:116\x1b[m\x1b[K,\n'}
[27.875782] (realsense2_camera) StderrLine: {'line': b'    inlined from \xe2\x80\x98\x1b[01m\x1b[Kvoid Eigen::internal::generic_dense_assignment_kernel<DstEvaluatorTypeT, SrcEvaluatorTypeT, Functor, Version>::\x1b[01;32m\x1b[KassignPacketByOuterInner\x1b[m\x1b[K(Eigen::Index, Eigen::Index) \x1b[35m\x1b[K[with int StoreMode = 0; int LoadMode = 0; PacketType = __vector(2) double; DstEvaluatorTypeT = Eigen::internal::evaluator<Eigen::Matrix<double, 3, 1> >; SrcEvaluatorTypeT = Eigen::internal::evaluator<Eigen::CwiseBinaryOp<Eigen::internal::scalar_sum_op<double, double>, const Eigen::CwiseBinaryOp<Eigen::internal::scalar_product_op<double, double>, const Eigen::Matrix<double, 3, 1>, const Eigen::CwiseNullaryOp<Eigen::internal::scalar_constant_op<double>, const Eigen::Matrix<double, 3, 1> > >, const Eigen::CwiseBinaryOp<Eigen::internal::scalar_product_op<double, double>, const Eigen::Matrix<double, 3, 1>, const Eigen::CwiseNullaryOp<Eigen::internal::scalar_constant_op<double>, const Eigen::Matrix<double, 3, 1> > > > >; Functor = Eigen::internal::assign_op<double, double>; int Version = 0]\x1b[m\x1b[K\x1b[m\x1b[K\xe2\x80\x99 at \x1b[01m\x1b[K/usr/include/eigen3/Eigen/src/Core/AssignEvaluator.h:689:48\x1b[m\x1b[K,\n'}
[27.875850] (realsense2_camera) StderrLine: {'line': b'    inlined from \xe2\x80\x98\x1b[01m\x1b[Kstatic void Eigen::internal::copy_using_evaluator_innervec_CompleteUnrolling<Kernel, Index, Stop>::\x1b[01;32m\x1b[Krun\x1b[m\x1b[K(Kernel&) \x1b[35m\x1b[K[with Kernel = Eigen::internal::generic_dense_assignment_kernel<Eigen::internal::evaluator<Eigen::Matrix<double, 3, 1> >, Eigen::internal::evaluator<Eigen::CwiseBinaryOp<Eigen::internal::scalar_sum_op<double, double>, const Eigen::CwiseBinaryOp<Eigen::internal::scalar_product_op<double, double>, const Eigen::Matrix<double, 3, 1>, const Eigen::CwiseNullaryOp<Eigen::internal::scalar_constant_op<double>, const Eigen::Matrix<double, 3, 1> > >, const Eigen::CwiseBinaryOp<Eigen::internal::scalar_product_op<double, double>, const Eigen::Matrix<double, 3, 1>, const Eigen::CwiseNullaryOp<Eigen::internal::scalar_constant_op<double>, const Eigen::Matrix<double, 3, 1> > > > >, Eigen::internal::assign_op<double, double>, 0>; int Index = 0; int Stop = 2]\x1b[m\x1b[K\x1b[m\x1b[K\xe2\x80\x99 at \x1b[01m\x1b[K/usr/include/eigen3/Eigen/src/Core/AssignEvaluator.h:279:85\x1b[m\x1b[K,\n'}
[27.875913] (realsense2_camera) StderrLine: {'line': b'    inlined from \xe2\x80\x98\x1b[01m\x1b[Kstatic void Eigen::internal::dense_assignment_loop<Kernel, 3, 2>::\x1b[01;32m\x1b[Krun\x1b[m\x1b[K(Kernel&) \x1b[35m\x1b[K[with Kernel = Eigen::internal::generic_dense_assignment_kernel<Eigen::internal::evaluator<Eigen::Matrix<double, 3, 1> >, Eigen::internal::evaluator<Eigen::CwiseBinaryOp<Eigen::internal::scalar_sum_op<double, double>, const Eigen::CwiseBinaryOp<Eigen::internal::scalar_product_op<double, double>, const Eigen::Matrix<double, 3, 1>, const Eigen::CwiseNullaryOp<Eigen::internal::scalar_constant_op<double>, const Eigen::Matrix<double, 3, 1> > >, const Eigen::CwiseBinaryOp<Eigen::internal::scalar_product_op<double, double>, const Eigen::Matrix<double, 3, 1>, const Eigen::CwiseNullaryOp<Eigen::internal::scalar_constant_op<double>, const Eigen::Matrix<double, 3, 1> > > > >, Eigen::internal::assign_op<double, double>, 0>]\x1b[m\x1b[K\x1b[m\x1b[K\xe2\x80\x99 at \x1b[01m\x1b[K/usr/include/eigen3/Eigen/src/Core/AssignEvaluator.h:455:81\x1b[m\x1b[K,\n'}
[27.875970] (realsense2_camera) StderrLine: {'line': b'    inlined from \xe2\x80\x98\x1b[01m\x1b[Kvoid Eigen::internal::\x1b[01;32m\x1b[Kcall_dense_assignment_loop\x1b[m\x1b[K(DstXprType&, const SrcXprType&, const Functor&) \x1b[35m\x1b[K[with DstXprType = Eigen::Matrix<double, 3, 1>; SrcXprType = Eigen::CwiseBinaryOp<scalar_sum_op<double, double>, const Eigen::CwiseBinaryOp<scalar_product_op<double, double>, const Eigen::Matrix<double, 3, 1>, const Eigen::CwiseNullaryOp<scalar_constant_op<double>, const Eigen::Matrix<double, 3, 1> > >, const Eigen::CwiseBinaryOp<scalar_product_op<double, double>, const Eigen::Matrix<double, 3, 1>, const Eigen::CwiseNullaryOp<scalar_constant_op<double>, const Eigen::Matrix<double, 3, 1> > > >; Functor = assign_op<double, double>]\x1b[m\x1b[K\x1b[m\x1b[K\xe2\x80\x99 at \x1b[01m\x1b[K/usr/include/eigen3/Eigen/src/Core/AssignEvaluator.h:785:37\x1b[m\x1b[K,\n'}
[27.876030] (realsense2_camera) StderrLine: {'line': b'    inlined from \xe2\x80\x98\x1b[01m\x1b[Kstatic void Eigen::internal::Assignment<DstXprType, SrcXprType, Functor, Eigen::internal::Dense2Dense, Weak>::\x1b[01;32m\x1b[Krun\x1b[m\x1b[K(DstXprType&, const SrcXprType&, const Functor&) \x1b[35m\x1b[K[with DstXprType = Eigen::Matrix<double, 3, 1>; SrcXprType = Eigen::CwiseBinaryOp<Eigen::internal::scalar_sum_op<double, double>, const Eigen::CwiseBinaryOp<Eigen::internal::scalar_product_op<double, double>, const Eigen::Matrix<double, 3, 1>, const Eigen::CwiseNullaryOp<Eigen::internal::scalar_constant_op<double>, const Eigen::Matrix<double, 3, 1> > >, const Eigen::CwiseBinaryOp<Eigen::internal::scalar_product_op<double, double>, const Eigen::Matrix<double, 3, 1>, const Eigen::CwiseNullaryOp<Eigen::internal::scalar_constant_op<double>, const Eigen::Matrix<double, 3, 1> > > >; Functor = Eigen::internal::assign_op<double, double>; Weak = void]\x1b[m\x1b[K\x1b[m\x1b[K\xe2\x80\x99 at \x1b[01m\x1b[K/usr/include/eigen3/Eigen/src/Core/AssignEvaluator.h:954:31\x1b[m\x1b[K,\n'}
[27.876129] (realsense2_camera) StderrLine: {'line': b'    inlined from \xe2\x80\x98\x1b[01m\x1b[Kvoid Eigen::internal::\x1b[01;32m\x1b[Kcall_assignment_no_alias\x1b[m\x1b[K(Dst&, const Src&, const Func&) \x1b[35m\x1b[K[with Dst = Eigen::Matrix<double, 3, 1>; Src = Eigen::CwiseBinaryOp<scalar_sum_op<double, double>, const Eigen::CwiseBinaryOp<scalar_product_op<double, double>, const Eigen::Matrix<double, 3, 1>, const Eigen::CwiseNullaryOp<scalar_constant_op<double>, const Eigen::Matrix<double, 3, 1> > >, const Eigen::CwiseBinaryOp<scalar_product_op<double, double>, const Eigen::Matrix<double, 3, 1>, const Eigen::CwiseNullaryOp<scalar_constant_op<double>, const Eigen::Matrix<double, 3, 1> > > >; Func = assign_op<double, double>]\x1b[m\x1b[K\x1b[m\x1b[K\xe2\x80\x99 at \x1b[01m\x1b[K/usr/include/eigen3/Eigen/src/Core/AssignEvaluator.h:890:49\x1b[m\x1b[K,\n'}
[27.876281] (realsense2_camera) StderrLine: {'line': b'    inlined from \xe2\x80\x98\x1b[01m\x1b[KDerived& Eigen::PlainObjectBase<Derived>::\x1b[01;32m\x1b[K_set_noalias\x1b[m\x1b[K(const Eigen::DenseBase<OtherDerived>&) \x1b[35m\x1b[K[with OtherDerived = Eigen::CwiseBinaryOp<Eigen::internal::scalar_sum_op<double, double>, const Eigen::CwiseBinaryOp<Eigen::internal::scalar_product_op<double, double>, const Eigen::Matrix<double, 3, 1>, const Eigen::CwiseNullaryOp<Eigen::internal::scalar_constant_op<double>, const Eigen::Matrix<double, 3, 1> > >, const Eigen::CwiseBinaryOp<Eigen::internal::scalar_product_op<double, double>, const Eigen::Matrix<double, 3, 1>, const Eigen::CwiseNullaryOp<Eigen::internal::scalar_constant_op<double>, const Eigen::Matrix<double, 3, 1> > > >; Derived = Eigen::Matrix<double, 3, 1>]\x1b[m\x1b[K\x1b[m\x1b[K\xe2\x80\x99 at \x1b[01m\x1b[K/usr/include/eigen3/Eigen/src/Core/PlainObjectBase.h:797:41\x1b[m\x1b[K,\n'}
[27.876357] (realsense2_camera) StderrLine: {'line': b'    inlined from \xe2\x80\x98\x1b[01m\x1b[KEigen::PlainObjectBase<Derived>::\x1b[01;32m\x1b[KPlainObjectBase\x1b[m\x1b[K(const Eigen::DenseBase<OtherDerived>&) \x1b[35m\x1b[K[with OtherDerived = Eigen::CwiseBinaryOp<Eigen::internal::scalar_sum_op<double, double>, const Eigen::CwiseBinaryOp<Eigen::internal::scalar_product_op<double, double>, const Eigen::Matrix<double, 3, 1>, const Eigen::CwiseNullaryOp<Eigen::internal::scalar_constant_op<double>, const Eigen::Matrix<double, 3, 1> > >, const Eigen::CwiseBinaryOp<Eigen::internal::scalar_product_op<double, double>, const Eigen::Matrix<double, 3, 1>, const Eigen::CwiseNullaryOp<Eigen::internal::scalar_constant_op<double>, const Eigen::Matrix<double, 3, 1> > > >; Derived = Eigen::Matrix<double, 3, 1>]\x1b[m\x1b[K\x1b[m\x1b[K\xe2\x80\x99 at \x1b[01m\x1b[K/usr/include/eigen3/Eigen/src/Core/PlainObjectBase.h:594:19\x1b[m\x1b[K,\n'}
[27.876447] (realsense2_camera) StderrLine: {'line': b'    inlined from \xe2\x80\x98\x1b[01m\x1b[KEigen::Matrix<_Scalar, _Rows, _Cols, _Options, _MaxRows, _MaxCols>::\x1b[01;32m\x1b[KMatrix\x1b[m\x1b[K(const Eigen::EigenBase<OtherDerived>&) \x1b[35m\x1b[K[with OtherDerived = Eigen::CwiseBinaryOp<Eigen::internal::scalar_sum_op<double, double>, const Eigen::CwiseBinaryOp<Eigen::internal::scalar_product_op<double, double>, const Eigen::Matrix<double, 3, 1>, const Eigen::CwiseNullaryOp<Eigen::internal::scalar_constant_op<double>, const Eigen::Matrix<double, 3, 1> > >, const Eigen::CwiseBinaryOp<Eigen::internal::scalar_product_op<double, double>, const Eigen::Matrix<double, 3, 1>, const Eigen::CwiseNullaryOp<Eigen::internal::scalar_constant_op<double>, const Eigen::Matrix<double, 3, 1> > > >; _Scalar = double; int _Rows = 3; int _Cols = 1; int _Options = 0; int _MaxRows = 3; int _MaxCols = 1]\x1b[m\x1b[K\x1b[m\x1b[K\xe2\x80\x99 at \x1b[01m\x1b[K/usr/include/eigen3/Eigen/src/Core/Matrix.h:423:29\x1b[m\x1b[K,\n'}
[27.876553] (realsense2_camera) StderrLine: {'line': b'    inlined from \xe2\x80\x98\x1b[01m\x1b[KT\x1b[01;32m\x1b[K lerp\x1b[m\x1b[K(const T&, const T&, double) \x1b[35m\x1b[K[with T = Eigen::Matrix<double, 3, 1>]\x1b[m\x1b[K\x1b[m\x1b[K\xe2\x80\x99 at \x1b[01m\x1b[K/workspaces/isaac_ros-dev/src/realsense2_camera/src/base_realsense_node.cpp:345:30\x1b[m\x1b[K,\n'}
[27.876643] (realsense2_camera) StderrLine: {'line': b'    inlined from \xe2\x80\x98\x1b[01m\x1b[Kvoid realsense2_camera::BaseRealSenseNode::\x1b[01;32m\x1b[KFillImuData_LinearInterpolation\x1b[m\x1b[K(CimuData, std::deque<sensor_msgs::msg::Imu_<std::allocator<void> >, std::allocator<sensor_msgs::msg::Imu_<std::allocator<void> > > >&)\x1b[m\x1b[K\xe2\x80\x99 at \x1b[01m\x1b[K/workspaces/isaac_ros-dev/src/realsense2_camera/src/base_realsense_node.cpp:379:48\x1b[m\x1b[K:\n'}
[27.876711] (realsense2_camera) StderrLine: {'line': b'\x1b[01m\x1b[K/usr/lib/gcc/x86_64-linux-gnu/13/include/emmintrin.h:275:46:\x1b[m\x1b[K \x1b[01;35m\x1b[Kwarning: \x1b[m\x1b[K\xe2\x80\x98\x1b[01m\x1b[K*(__m128d_u*)((char*)&accel0 + offsetof(realsense2_camera::BaseRealSenseNode::CimuData, realsense2_camera::BaseRealSenseNode::CimuData::m_data.Eigen::Matrix<double, 3, 1, 0, 3, 1>::<unnamed>.Eigen::PlainObjectBase<Eigen::Matrix<double, 3, 1, 0, 3, 1> >::<unnamed>.Eigen::MatrixBase<Eigen::Matrix<double, 3, 1, 0, 3, 1> >::<unnamed>.Eigen::DenseBase<Eigen::Matrix<double, 3, 1, 0, 3, 1> >::<unnamed>.Eigen::DenseCoeffsBase<Eigen::Matrix<double, 3, 1, 0, 3, 1>, 3>::<unnamed>.Eigen::DenseCoeffsBase<Eigen::Matrix<double, 3, 1, 0, 3, 1>, 1>::<unnamed>.Eigen::DenseCoeffsBase<Eigen::Matrix<double, 3, 1, 0, 3, 1>, 0>::<unnamed>))\x1b[m\x1b[K\xe2\x80\x99 may be used uninitialized [\x1b[01;35m\x1b[K\x1b]8;;https://gcc.gnu.org/onlinedocs/gcc/Warning-Options.html#index-Wmaybe-uninitialized\x07-Wmaybe-uninitialized\x1b]8;;\x07\x1b[m\x1b[K]\n'}
[27.876804] (realsense2_camera) StderrLine: {'line': b'  275 |   return (__m128d) ((__v2df)__A * (__v2df)__B\x1b[01;35m\x1b[K)\x1b[m\x1b[K;\n'}
[27.876864] (realsense2_camera) StderrLine: {'line': b'      |                                              \x1b[01;35m\x1b[K^\x1b[m\x1b[K\n'}
[27.876918] (realsense2_camera) StderrLine: {'line': b'\x1b[01m\x1b[K/workspaces/isaac_ros-dev/src/realsense2_camera/src/base_realsense_node.cpp:\x1b[m\x1b[K In member function \xe2\x80\x98\x1b[01m\x1b[Kvoid realsense2_camera::BaseRealSenseNode::\x1b[01;32m\x1b[KFillImuData_LinearInterpolation\x1b[m\x1b[K(CimuData, std::deque<sensor_msgs::msg::Imu_<std::allocator<void> >, std::allocator<sensor_msgs::msg::Imu_<std::allocator<void> > > >&)\x1b[m\x1b[K\xe2\x80\x99:\n'}
[27.876977] (realsense2_camera) StderrLine: {'line': b'\x1b[01m\x1b[K/workspaces/isaac_ros-dev/src/realsense2_camera/src/base_realsense_node.cpp:359:14:\x1b[m\x1b[K \x1b[01;36m\x1b[Knote: \x1b[m\x1b[K\xe2\x80\x98\x1b[01m\x1b[K*(__m128d_u*)((char*)&accel0 + offsetof(realsense2_camera::BaseRealSenseNode::CimuData, realsense2_camera::BaseRealSenseNode::CimuData::m_data.Eigen::Matrix<double, 3, 1, 0, 3, 1>::<unnamed>.Eigen::PlainObjectBase<Eigen::Matrix<double, 3, 1, 0, 3, 1> >::<unnamed>.Eigen::MatrixBase<Eigen::Matrix<double, 3, 1, 0, 3, 1> >::<unnamed>.Eigen::DenseBase<Eigen::Matrix<double, 3, 1, 0, 3, 1> >::<unnamed>.Eigen::DenseCoeffsBase<Eigen::Matrix<double, 3, 1, 0, 3, 1>, 3>::<unnamed>.Eigen::DenseCoeffsBase<Eigen::Matrix<double, 3, 1, 0, 3, 1>, 1>::<unnamed>.Eigen::DenseCoeffsBase<Eigen::Matrix<double, 3, 1, 0, 3, 1>, 0>::<unnamed>))\x1b[m\x1b[K\xe2\x80\x99 was declared here\n'}
[27.877038] (realsense2_camera) StderrLine: {'line': b'  359 |     CimuData \x1b[01;36m\x1b[Kaccel0\x1b[m\x1b[K, accel1, crnt_imu;\n'}
[27.877102] (realsense2_camera) StderrLine: {'line': b'      |              \x1b[01;36m\x1b[K^~~~~~\x1b[m\x1b[K\n'}
[27.877174] (realsense2_camera) StderrLine: {'line': b'In file included from \x1b[01m\x1b[K/usr/include/eigen3/Eigen/Core:253\x1b[m\x1b[K,\n'}
[27.877231] (realsense2_camera) StderrLine: {'line': b'                 from \x1b[01m\x1b[K/usr/include/eigen3/Eigen/Geometry:11\x1b[m\x1b[K,\n'}
[27.877285] (realsense2_camera) StderrLine: {'line': b'                 from \x1b[01m\x1b[K/workspaces/isaac_ros-dev/src/realsense2_camera/src/../include/base_realsense_node.h:46\x1b[m\x1b[K:\n'}
[27.877340] (realsense2_camera) StderrLine: {'line': b'In member function \xe2\x80\x98\x1b[01m\x1b[KEigen::internal::scalar_product_op<LhsScalar, RhsScalar>::result_type Eigen::internal::scalar_product_op<LhsScalar, RhsScalar>::\x1b[01;32m\x1b[Koperator()\x1b[m\x1b[K(const LhsScalar&, const RhsScalar&) const \x1b[35m\x1b[K[with LhsScalar = double; RhsScalar = double]\x1b[m\x1b[K\x1b[m\x1b[K\xe2\x80\x99,\n'}
[27.877406] (realsense2_camera) StderrLine: {'line': b'    inlined from \xe2\x80\x98\x1b[01m\x1b[KEigen::internal::binary_evaluator<Eigen::CwiseBinaryOp<BinaryOp, Lhs, Rhs>, Eigen::internal::IndexBased, Eigen::internal::IndexBased>::CoeffReturnType Eigen::internal::binary_evaluator<Eigen::CwiseBinaryOp<BinaryOp, Lhs, Rhs>, Eigen::internal::IndexBased, Eigen::internal::IndexBased>::\x1b[01;32m\x1b[Kcoeff\x1b[m\x1b[K(Eigen::Index, Eigen::Index) const \x1b[35m\x1b[K[with BinaryOp = Eigen::internal::scalar_product_op<double, double>; Lhs = const Eigen::Matrix<double, 3, 1>; Rhs = const Eigen::CwiseNullaryOp<Eigen::internal::scalar_constant_op<double>, const Eigen::Matrix<double, 3, 1> >]\x1b[m\x1b[K\x1b[m\x1b[K\xe2\x80\x99 at \x1b[01m\x1b[K/usr/include/eigen3/Eigen/src/Core/CoreEvaluators.h:769:22\x1b[m\x1b[K,\n'}
[27.877471] (realsense2_camera) StderrLine: {'line': b'    inlined from \xe2\x80\x98\x1b[01m\x1b[KEigen::internal::binary_evaluator<Eigen::CwiseBinaryOp<BinaryOp, Lhs, Rhs>, Eigen::internal::IndexBased, Eigen::internal::IndexBased>::CoeffReturnType Eigen::internal::binary_evaluator<Eigen::CwiseBinaryOp<BinaryOp, Lhs, Rhs>, Eigen::internal::IndexBased, Eigen::internal::IndexBased>::\x1b[01;32m\x1b[Kcoeff\x1b[m\x1b[K(Eigen::Index, Eigen::Index) const \x1b[35m\x1b[K[with BinaryOp = Eigen::internal::scalar_sum_op<double, double>; Lhs = const Eigen::CwiseBinaryOp<Eigen::internal::scalar_product_op<double, double>, const Eigen::Matrix<double, 3, 1>, const Eigen::CwiseNullaryOp<Eigen::internal::scalar_constant_op<double>, const Eigen::Matrix<double, 3, 1> > >; Rhs = const Eigen::CwiseBinaryOp<Eigen::internal::scalar_product_op<double, double>, const Eigen::Matrix<double, 3, 1>, const Eigen::CwiseNullaryOp<Eigen::internal::scalar_constant_op<double>, const Eigen::Matrix<double, 3, 1> > >]\x1b[m\x1b[K\x1b[m\x1b[K\xe2\x80\x99 at \x1b[01m\x1b[K/usr/include/eigen3/Eigen/src/Core/CoreEvaluators.h:769:40\x1b[m\x1b[K,\n'}
[27.877543] (realsense2_camera) StderrLine: {'line': b'    inlined from \xe2\x80\x98\x1b[01m\x1b[Kvoid Eigen::internal::generic_dense_assignment_kernel<DstEvaluatorTypeT, SrcEvaluatorTypeT, Functor, Version>::\x1b[01;32m\x1b[KassignCoeff\x1b[m\x1b[K(Eigen::Index, Eigen::Index) \x1b[35m\x1b[K[with DstEvaluatorTypeT = Eigen::internal::evaluator<Eigen::Matrix<double, 3, 1> >; SrcEvaluatorTypeT = Eigen::internal::evaluator<Eigen::CwiseBinaryOp<Eigen::internal::scalar_sum_op<double, double>, const Eigen::CwiseBinaryOp<Eigen::internal::scalar_product_op<double, double>, const Eigen::Matrix<double, 3, 1>, const Eigen::CwiseNullaryOp<Eigen::internal::scalar_constant_op<double>, const Eigen::Matrix<double, 3, 1> > >, const Eigen::CwiseBinaryOp<Eigen::internal::scalar_product_op<double, double>, const Eigen::Matrix<double, 3, 1>, const Eigen::CwiseNullaryOp<Eigen::internal::scalar_constant_op<double>, const Eigen::Matrix<double, 3, 1> > > > >; Functor = Eigen::internal::assign_op<double, double>; int Version = 0]\x1b[m\x1b[K\x1b[m\x1b[K\xe2\x80\x99 at \x1b[01m\x1b[K/usr/include/eigen3/Eigen/src/Core/AssignEvaluator.h:654:63\x1b[m\x1b[K,\n'}
[27.877605] (realsense2_camera) StderrLine: {'line': b'    inlined from \xe2\x80\x98\x1b[01m\x1b[Kvoid Eigen::internal::generic_dense_assignment_kernel<DstEvaluatorTypeT, SrcEvaluatorTypeT, Functor, Version>::\x1b[01;32m\x1b[KassignCoeffByOuterInner\x1b[m\x1b[K(Eigen::Index, Eigen::Index) \x1b[35m\x1b[K[with DstEvaluatorTypeT = Eigen::internal::evaluator<Eigen::Matrix<double, 3, 1> >; SrcEvaluatorTypeT = Eigen::internal::evaluator<Eigen::CwiseBinaryOp<Eigen::internal::scalar_sum_op<double, double>, const Eigen::CwiseBinaryOp<Eigen::internal::scalar_product_op<double, double>, const Eigen::Matrix<double, 3, 1>, const Eigen::CwiseNullaryOp<Eigen::internal::scalar_constant_op<double>, const Eigen::Matrix<double, 3, 1> > >, const Eigen::CwiseBinaryOp<Eigen::internal::scalar_product_op<double, double>, const Eigen::Matrix<double, 3, 1>, const Eigen::CwiseNullaryOp<Eigen::internal::scalar_constant_op<double>, const Eigen::Matrix<double, 3, 1> > > > >; Functor = Eigen::internal::assign_op<double, double>; int Version = 0]\x1b[m\x1b[K\x1b[m\x1b[K\xe2\x80\x99 at \x1b[01m\x1b[K/usr/include/eigen3/Eigen/src/Core/AssignEvaluator.h:668:16\x1b[m\x1b[K,\n'}
[27.877668] (realsense2_camera) StderrLine: {'line': b'    inlined from \xe2\x80\x98\x1b[01m\x1b[Kstatic void Eigen::internal::copy_using_evaluator_DefaultTraversal_CompleteUnrolling<Kernel, Index, Stop>::\x1b[01;32m\x1b[Krun\x1b[m\x1b[K(Kernel&) \x1b[35m\x1b[K[with Kernel = Eigen::internal::generic_dense_assignment_kernel<Eigen::internal::evaluator<Eigen::Matrix<double, 3, 1> >, Eigen::internal::evaluator<Eigen::CwiseBinaryOp<Eigen::internal::scalar_sum_op<double, double>, const Eigen::CwiseBinaryOp<Eigen::internal::scalar_product_op<double, double>, const Eigen::Matrix<double, 3, 1>, const Eigen::CwiseNullaryOp<Eigen::internal::scalar_constant_op<double>, const Eigen::Matrix<double, 3, 1> > >, const Eigen::CwiseBinaryOp<Eigen::internal::scalar_product_op<double, double>, const Eigen::Matrix<double, 3, 1>, const Eigen::CwiseNullaryOp<Eigen::internal::scalar_constant_op<double>, const Eigen::Matrix<double, 3, 1> > > > >, Eigen::internal::assign_op<double, double>, 0>; int Index = 2; int Stop = 3]\x1b[m\x1b[K\x1b[m\x1b[K\xe2\x80\x99 at \x1b[01m\x1b[K/usr/include/eigen3/Eigen/src/Core/AssignEvaluator.h:211:35\x1b[m\x1b[K,\n'}
[27.877734] (realsense2_camera) StderrLine: {'line': b'    inlined from \xe2\x80\x98\x1b[01m\x1b[Kstatic void Eigen::internal::dense_assignment_loop<Kernel, 3, 2>::\x1b[01;32m\x1b[Krun\x1b[m\x1b[K(Kernel&) \x1b[35m\x1b[K[with Kernel = Eigen::internal::generic_dense_assignment_kernel<Eigen::internal::evaluator<Eigen::Matrix<double, 3, 1> >, Eigen::internal::evaluator<Eigen::CwiseBinaryOp<Eigen::internal::scalar_sum_op<double, double>, const Eigen::CwiseBinaryOp<Eigen::internal::scalar_product_op<double, double>, const Eigen::Matrix<double, 3, 1>, const Eigen::CwiseNullaryOp<Eigen::internal::scalar_constant_op<double>, const Eigen::Matrix<double, 3, 1> > >, const Eigen::CwiseBinaryOp<Eigen::internal::scalar_product_op<double, double>, const Eigen::Matrix<double, 3, 1>, const Eigen::CwiseNullaryOp<Eigen::internal::scalar_constant_op<double>, const Eigen::Matrix<double, 3, 1> > > > >, Eigen::internal::assign_op<double, double>, 0>]\x1b[m\x1b[K\x1b[m\x1b[K\xe2\x80\x99 at \x1b[01m\x1b[K/usr/include/eigen3/Eigen/src/Core/AssignEvaluator.h:456:92\x1b[m\x1b[K,\n'}
[27.877827] (realsense2_camera) StderrLine: {'line': b'    inlined from \xe2\x80\x98\x1b[01m\x1b[Kvoid Eigen::internal::\x1b[01;32m\x1b[Kcall_dense_assignment_loop\x1b[m\x1b[K(DstXprType&, const SrcXprType&, const Functor&) \x1b[35m\x1b[K[with DstXprType = Eigen::Matrix<double, 3, 1>; SrcXprType = Eigen::CwiseBinaryOp<scalar_sum_op<double, double>, const Eigen::CwiseBinaryOp<scalar_product_op<double, double>, const Eigen::Matrix<double, 3, 1>, const Eigen::CwiseNullaryOp<scalar_constant_op<double>, const Eigen::Matrix<double, 3, 1> > >, const Eigen::CwiseBinaryOp<scalar_product_op<double, double>, const Eigen::Matrix<double, 3, 1>, const Eigen::CwiseNullaryOp<scalar_constant_op<double>, const Eigen::Matrix<double, 3, 1> > > >; Functor = assign_op<double, double>]\x1b[m\x1b[K\x1b[m\x1b[K\xe2\x80\x99 at \x1b[01m\x1b[K/usr/include/eigen3/Eigen/src/Core/AssignEvaluator.h:785:37\x1b[m\x1b[K,\n'}
[27.877896] (realsense2_camera) StderrLine: {'line': b'    inlined from \xe2\x80\x98\x1b[01m\x1b[Kstatic void Eigen::internal::Assignment<DstXprType, SrcXprType, Functor, Eigen::internal::Dense2Dense, Weak>::\x1b[01;32m\x1b[Krun\x1b[m\x1b[K(DstXprType&, const SrcXprType&, const Functor&) \x1b[35m\x1b[K[with DstXprType = Eigen::Matrix<double, 3, 1>; SrcXprType = Eigen::CwiseBinaryOp<Eigen::internal::scalar_sum_op<double, double>, const Eigen::CwiseBinaryOp<Eigen::internal::scalar_product_op<double, double>, const Eigen::Matrix<double, 3, 1>, const Eigen::CwiseNullaryOp<Eigen::internal::scalar_constant_op<double>, const Eigen::Matrix<double, 3, 1> > >, const Eigen::CwiseBinaryOp<Eigen::internal::scalar_product_op<double, double>, const Eigen::Matrix<double, 3, 1>, const Eigen::CwiseNullaryOp<Eigen::internal::scalar_constant_op<double>, const Eigen::Matrix<double, 3, 1> > > >; Functor = Eigen::internal::assign_op<double, double>; Weak = void]\x1b[m\x1b[K\x1b[m\x1b[K\xe2\x80\x99 at \x1b[01m\x1b[K/usr/include/eigen3/Eigen/src/Core/AssignEvaluator.h:954:31\x1b[m\x1b[K,\n'}
[27.877964] (realsense2_camera) StderrLine: {'line': b'    inlined from \xe2\x80\x98\x1b[01m\x1b[Kvoid Eigen::internal::\x1b[01;32m\x1b[Kcall_assignment_no_alias\x1b[m\x1b[K(Dst&, const Src&, const Func&) \x1b[35m\x1b[K[with Dst = Eigen::Matrix<double, 3, 1>; Src = Eigen::CwiseBinaryOp<scalar_sum_op<double, double>, const Eigen::CwiseBinaryOp<scalar_product_op<double, double>, const Eigen::Matrix<double, 3, 1>, const Eigen::CwiseNullaryOp<scalar_constant_op<double>, const Eigen::Matrix<double, 3, 1> > >, const Eigen::CwiseBinaryOp<scalar_product_op<double, double>, const Eigen::Matrix<double, 3, 1>, const Eigen::CwiseNullaryOp<scalar_constant_op<double>, const Eigen::Matrix<double, 3, 1> > > >; Func = assign_op<double, double>]\x1b[m\x1b[K\x1b[m\x1b[K\xe2\x80\x99 at \x1b[01m\x1b[K/usr/include/eigen3/Eigen/src/Core/AssignEvaluator.h:890:49\x1b[m\x1b[K,\n'}
[27.878049] (realsense2_camera) StderrLine: {'line': b'    inlined from \xe2\x80\x98\x1b[01m\x1b[KDerived& Eigen::PlainObjectBase<Derived>::\x1b[01;32m\x1b[K_set_noalias\x1b[m\x1b[K(const Eigen::DenseBase<OtherDerived>&) \x1b[35m\x1b[K[with OtherDerived = Eigen::CwiseBinaryOp<Eigen::internal::scalar_sum_op<double, double>, const Eigen::CwiseBinaryOp<Eigen::internal::scalar_product_op<double, double>, const Eigen::Matrix<double, 3, 1>, const Eigen::CwiseNullaryOp<Eigen::internal::scalar_constant_op<double>, const Eigen::Matrix<double, 3, 1> > >, const Eigen::CwiseBinaryOp<Eigen::internal::scalar_product_op<double, double>, const Eigen::Matrix<double, 3, 1>, const Eigen::CwiseNullaryOp<Eigen::internal::scalar_constant_op<double>, const Eigen::Matrix<double, 3, 1> > > >; Derived = Eigen::Matrix<double, 3, 1>]\x1b[m\x1b[K\x1b[m\x1b[K\xe2\x80\x99 at \x1b[01m\x1b[K/usr/include/eigen3/Eigen/src/Core/PlainObjectBase.h:797:41\x1b[m\x1b[K,\n'}
[27.878147] (realsense2_camera) StderrLine: {'line': b'    inlined from \xe2\x80\x98\x1b[01m\x1b[KEigen::PlainObjectBase<Derived>::\x1b[01;32m\x1b[KPlainObjectBase\x1b[m\x1b[K(const Eigen::DenseBase<OtherDerived>&) \x1b[35m\x1b[K[with OtherDerived = Eigen::CwiseBinaryOp<Eigen::internal::scalar_sum_op<double, double>, const Eigen::CwiseBinaryOp<Eigen::internal::scalar_product_op<double, double>, const Eigen::Matrix<double, 3, 1>, const Eigen::CwiseNullaryOp<Eigen::internal::scalar_constant_op<double>, const Eigen::Matrix<double, 3, 1> > >, const Eigen::CwiseBinaryOp<Eigen::internal::scalar_product_op<double, double>, const Eigen::Matrix<double, 3, 1>, const Eigen::CwiseNullaryOp<Eigen::internal::scalar_constant_op<double>, const Eigen::Matrix<double, 3, 1> > > >; Derived = Eigen::Matrix<double, 3, 1>]\x1b[m\x1b[K\x1b[m\x1b[K\xe2\x80\x99 at \x1b[01m\x1b[K/usr/include/eigen3/Eigen/src/Core/PlainObjectBase.h:594:19\x1b[m\x1b[K,\n'}
[27.878219] (realsense2_camera) StderrLine: {'line': b'    inlined from \xe2\x80\x98\x1b[01m\x1b[KEigen::Matrix<_Scalar, _Rows, _Cols, _Options, _MaxRows, _MaxCols>::\x1b[01;32m\x1b[KMatrix\x1b[m\x1b[K(const Eigen::EigenBase<OtherDerived>&) \x1b[35m\x1b[K[with OtherDerived = Eigen::CwiseBinaryOp<Eigen::internal::scalar_sum_op<double, double>, const Eigen::CwiseBinaryOp<Eigen::internal::scalar_product_op<double, double>, const Eigen::Matrix<double, 3, 1>, const Eigen::CwiseNullaryOp<Eigen::internal::scalar_constant_op<double>, const Eigen::Matrix<double, 3, 1> > >, const Eigen::CwiseBinaryOp<Eigen::internal::scalar_product_op<double, double>, const Eigen::Matrix<double, 3, 1>, const Eigen::CwiseNullaryOp<Eigen::internal::scalar_constant_op<double>, const Eigen::Matrix<double, 3, 1> > > >; _Scalar = double; int _Rows = 3; int _Cols = 1; int _Options = 0; int _MaxRows = 3; int _MaxCols = 1]\x1b[m\x1b[K\x1b[m\x1b[K\xe2\x80\x99 at \x1b[01m\x1b[K/usr/include/eigen3/Eigen/src/Core/Matrix.h:423:29\x1b[m\x1b[K,\n'}
[27.878284] (realsense2_camera) StderrLine: {'line': b'    inlined from \xe2\x80\x98\x1b[01m\x1b[KT\x1b[01;32m\x1b[K lerp\x1b[m\x1b[K(const T&, const T&, double) \x1b[35m\x1b[K[with T = Eigen::Matrix<double, 3, 1>]\x1b[m\x1b[K\x1b[m\x1b[K\xe2\x80\x99 at \x1b[01m\x1b[K/workspaces/isaac_ros-dev/src/realsense2_camera/src/base_realsense_node.cpp:345:30\x1b[m\x1b[K,\n'}
[27.878340] (realsense2_camera) StderrLine: {'line': b'    inlined from \xe2\x80\x98\x1b[01m\x1b[Kvoid realsense2_camera::BaseRealSenseNode::\x1b[01;32m\x1b[KFillImuData_LinearInterpolation\x1b[m\x1b[K(CimuData, std::deque<sensor_msgs::msg::Imu_<std::allocator<void> >, std::allocator<sensor_msgs::msg::Imu_<std::allocator<void> > > >&)\x1b[m\x1b[K\xe2\x80\x99 at \x1b[01m\x1b[K/workspaces/isaac_ros-dev/src/realsense2_camera/src/base_realsense_node.cpp:379:48\x1b[m\x1b[K:\n'}
[27.878396] (realsense2_camera) StderrLine: {'line': b'\x1b[01m\x1b[K/usr/include/eigen3/Eigen/src/Core/functors/BinaryFunctors.h:80:124:\x1b[m\x1b[K \x1b[01;35m\x1b[Kwarning: \x1b[m\x1b[K\xe2\x80\x98\x1b[01m\x1b[Kaccel0.realsense2_camera::BaseRealSenseNode::CimuData::m_data.Eigen::Matrix<double, 3, 1, 0, 3, 1>::<unnamed>.Eigen::PlainObjectBase<Eigen::Matrix<double, 3, 1, 0, 3, 1> >::m_storage.Eigen::DenseStorage<double, 3, 3, 1, 0>::m_data.Eigen::internal::plain_array<double, 3, 0, 0>::array[2]\x1b[m\x1b[K\xe2\x80\x99 may be used uninitialized [\x1b[01;35m\x1b[K\x1b]8;;https://gcc.gnu.org/onlinedocs/gcc/Warning-Options.html#index-Wmaybe-uninitialized\x07-Wmaybe-uninitialized\x1b]8;;\x07\x1b[m\x1b[K]\n'}
[27.878453] (realsense2_camera) StderrLine: {'line': b'   80 |   EIGEN_DEVICE_FUNC EIGEN_STRONG_INLINE result_type operator() (const LhsScalar& a, const RhsScalar& b) const { return a * \x1b[01;35m\x1b[Kb\x1b[m\x1b[K; }\n'}
[27.878507] (realsense2_camera) StderrLine: {'line': b'      |                                                                                                                            \x1b[01;35m\x1b[K^\x1b[m\x1b[K\n'}
[27.878563] (realsense2_camera) StderrLine: {'line': b'\x1b[01m\x1b[K/workspaces/isaac_ros-dev/src/realsense2_camera/src/base_realsense_node.cpp:\x1b[m\x1b[K In member function \xe2\x80\x98\x1b[01m\x1b[Kvoid realsense2_camera::BaseRealSenseNode::\x1b[01;32m\x1b[KFillImuData_LinearInterpolation\x1b[m\x1b[K(CimuData, std::deque<sensor_msgs::msg::Imu_<std::allocator<void> >, std::allocator<sensor_msgs::msg::Imu_<std::allocator<void> > > >&)\x1b[m\x1b[K\xe2\x80\x99:\n'}
[27.878625] (realsense2_camera) StderrLine: {'line': b'\x1b[01m\x1b[K/workspaces/isaac_ros-dev/src/realsense2_camera/src/base_realsense_node.cpp:359:14:\x1b[m\x1b[K \x1b[01;36m\x1b[Knote: \x1b[m\x1b[K\xe2\x80\x98\x1b[01m\x1b[Kaccel0.realsense2_camera::BaseRealSenseNode::CimuData::m_data.Eigen::Matrix<double, 3, 1, 0, 3, 1>::<unnamed>.Eigen::PlainObjectBase<Eigen::Matrix<double, 3, 1, 0, 3, 1> >::m_storage.Eigen::DenseStorage<double, 3, 3, 1, 0>::m_data.Eigen::internal::plain_array<double, 3, 0, 0>::array[2]\x1b[m\x1b[K\xe2\x80\x99 was declared here\n'}
[27.878680] (realsense2_camera) StderrLine: {'line': b'  359 |     CimuData \x1b[01;36m\x1b[Kaccel0\x1b[m\x1b[K, accel1, crnt_imu;\n'}
[27.878740] (realsense2_camera) StderrLine: {'line': b'      |              \x1b[01;36m\x1b[K^~~~~~\x1b[m\x1b[K\n'}
[27.966683] (-) TimerEvent: {}
[28.066921] (-) TimerEvent: {}
[28.167160] (-) TimerEvent: {}
[28.267438] (-) TimerEvent: {}
[28.367713] (-) TimerEvent: {}
[28.467952] (-) TimerEvent: {}
[28.568190] (-) TimerEvent: {}
[28.668551] (-) TimerEvent: {}
[28.768870] (-) TimerEvent: {}
[28.869172] (-) TimerEvent: {}
[28.969438] (-) TimerEvent: {}
[29.069686] (-) TimerEvent: {}
[29.169915] (-) TimerEvent: {}
[29.270147] (-) TimerEvent: {}
[29.370378] (-) TimerEvent: {}
[29.470611] (-) TimerEvent: {}
[29.570885] (-) TimerEvent: {}
[29.671175] (-) TimerEvent: {}
[29.771474] (-) TimerEvent: {}
[29.871713] (-) TimerEvent: {}
[29.971960] (-) TimerEvent: {}
[30.072228] (-) TimerEvent: {}
[30.172465] (-) TimerEvent: {}
[30.272738] (-) TimerEvent: {}
[30.373040] (-) TimerEvent: {}
[30.473309] (-) TimerEvent: {}
[30.573553] (-) TimerEvent: {}
[30.673813] (-) TimerEvent: {}
[30.702563] (realsense2_camera) StdoutLine: {'line': b'[100%] \x1b[32m\x1b[1mLinking CXX shared library librealsense2_camera.so\x1b[0m\n'}
[30.773906] (-) TimerEvent: {}
[30.874146] (-) TimerEvent: {}
[30.974395] (-) TimerEvent: {}
[31.049482] (realsense2_camera) StdoutLine: {'line': b'[100%] Built target realsense2_camera\n'}
[31.059569] (realsense2_camera) CommandEnded: {'returncode': 0}
[31.060063] (realsense2_camera) JobProgress: {'identifier': 'realsense2_camera', 'progress': 'install'}
[31.060412] (realsense2_camera) Command: {'cmd': ['/usr/bin/cmake', '--install', '/workspaces/isaac_ros-dev/build/realsense2_camera'], 'cwd': '/workspaces/isaac_ros-dev/build/realsense2_camera', 'env': OrderedDict({'LESSOPEN': '| /usr/bin/lesspipe %s', 'NVIDIA_CTK_LIBCUDA_DIR': '/usr/lib/x86_64-linux-gnu', 'USER': 'fred', 'HOSTNAME': 'fredDesktop', 'SHLVL': '1', 'LD_LIBRARY_PATH': '/workspaces/isaac_ros-dev/install/realsense2_camera_msgs/lib:/opt/ros/jazzy/lib/x86_64-linux-gnu:/opt/ros/jazzy/lib', 'HOME': '/home/admin', 'HOST_USER_GID': '1000', 'ROS_PYTHON_VERSION': '3', 'LC_CTYPE': 'C.UTF-8', 'COLORTERM': 'truecolor', 'ROS_DISTRO': 'jazzy', 'FORCE_COLOR': 'true', '_': '/usr/bin/colcon', 'ROS_VERSION': '2', 'NVIDIA_DRIVER_CAPABILITIES': 'all', 'USERNAME': 'admin', 'TERM': 'xterm-256color', 'ISAAC_ROS_WS': '/workspaces/isaac_ros-dev', 'PATH': '/home/admin/.local/bin:/opt/ros/jazzy/bin:/usr/local/nvidia/bin:/usr/local/cuda/bin:/usr/src/tensorrt/bin:/usr/local/sbin:/usr/local/bin:/usr/sbin:/usr/bin:/sbin:/bin', 'HOST_USER_UID': '1000', 'DISPLAY': ':1', 'LS_COLORS': 'rs=0:di=01;34:ln=01;36:mh=00:pi=40;33:so=01;35:do=01;35:bd=40;33;01:cd=40;33;01:or=40;31;01:mi=00:su=37;41:sg=30;43:ca=00:tw=30;42:ow=34;42:st=37;44:ex=01;32:*.tar=01;31:*.tgz=01;31:*.arc=01;31:*.arj=01;31:*.taz=01;31:*.lha=01;31:*.lz4=01;31:*.lzh=01;31:*.lzma=01;31:*.tlz=01;31:*.txz=01;31:*.tzo=01;31:*.t7z=01;31:*.zip=01;31:*.z=01;31:*.dz=01;31:*.gz=01;31:*.lrz=01;31:*.lz=01;31:*.lzo=01;31:*.xz=01;31:*.zst=01;31:*.tzst=01;31:*.bz2=01;31:*.bz=01;31:*.tbz=01;31:*.tbz2=01;31:*.tz=01;31:*.deb=01;31:*.rpm=01;31:*.jar=01;31:*.war=01;31:*.ear=01;31:*.sar=01;31:*.rar=01;31:*.alz=01;31:*.ace=01;31:*.zoo=01;31:*.cpio=01;31:*.7z=01;31:*.rz=01;31:*.cab=01;31:*.wim=01;31:*.swm=01;31:*.dwm=01;31:*.esd=01;31:*.avif=01;35:*.jpg=01;35:*.jpeg=01;35:*.mjpg=01;35:*.mjpeg=01;35:*.gif=01;35:*.bmp=01;35:*.pbm=01;35:*.pgm=01;35:*.ppm=01;35:*.tga=01;35:*.xbm=01;35:*.xpm=01;35:*.tif=01;35:*.tiff=01;35:*.png=01;35:*.svg=01;35:*.svgz=01;35:*.mng=01;35:*.pcx=01;35:*.mov=01;35:*.mpg=01;35:*.mpeg=01;35:*.m2v=01;35:*.mkv=01;35:*.webm=01;35:*.webp=01;35:*.ogm=01;35:*.mp4=01;35:*.m4v=01;35:*.mp4v=01;35:*.vob=01;35:*.qt=01;35:*.nuv=01;35:*.wmv=01;35:*.asf=01;35:*.rm=01;35:*.rmvb=01;35:*.flc=01;35:*.avi=01;35:*.fli=01;35:*.flv=01;35:*.gl=01;35:*.dl=01;35:*.xcf=01;35:*.xwd=01;35:*.yuv=01;35:*.cgm=01;35:*.emf=01;35:*.ogv=01;35:*.ogx=01;35:*.aac=00;36:*.au=00;36:*.flac=00;36:*.m4a=00;36:*.mid=00;36:*.midi=00;36:*.mka=00;36:*.mp3=00;36:*.mpc=00;36:*.ogg=00;36:*.ra=00;36:*.wav=00;36:*.oga=00;36:*.opus=00;36:*.spx=00;36:*.xspf=00;36:*~=00;90:*#=00;90:*.bak=00;90:*.crdownload=00;90:*.dpkg-dist=00;90:*.dpkg-new=00;90:*.dpkg-old=00;90:*.dpkg-tmp=00;90:*.old=00;90:*.orig=00;90:*.part=00;90:*.rej=00;90:*.rpmnew=00;90:*.rpmorig=00;90:*.rpmsave=00;90:*.swp=00;90:*.tmp=00;90:*.ucf-dist=00;90:*.ucf-new=00;90:*.ucf-old=00;90:', 'ROS_ROOT': '/opt/ros/jazzy', 'AMENT_PREFIX_PATH': '/workspaces/isaac_ros-dev/install/realsense2_camera_msgs:/opt/ros/jazzy', 'DEBIAN_FRONTEND': 'noninteractive', 'SHELL': '/bin/bash', 'LESSCLOSE': '/usr/bin/lesspipe %s %s', 'ROS_AUTOMATIC_DISCOVERY_RANGE': 'SUBNET', 'PWD': '/workspaces/isaac_ros-dev/build/realsense2_camera', 'ISAAC_ROS_PLATFORM': 'amd64', 'PYTHONPATH': '/workspaces/isaac_ros-dev/install/realsense2_camera_msgs/lib/python3.12/site-packages:/opt/ros/jazzy/lib/python3.12/site-packages', 'NVIDIA_VISIBLE_DEVICES': 'void', 'COLCON': '1', 'CMAKE_PREFIX_PATH': '/workspaces/isaac_ros-dev/install/realsense2_camera_msgs:/opt/ros/jazzy'}), 'shell': False}
[31.066939] (realsense2_camera) StdoutLine: {'line': b'-- Install configuration: "Release"\n'}
[31.067178] (realsense2_camera) StdoutLine: {'line': b'-- Installing: /workspaces/isaac_ros-dev/install/realsense2_camera/lib/realsense2_camera/realsense2_camera_node\n'}
[31.067729] (realsense2_camera) StdoutLine: {'line': b'-- Set non-toolchain portion of runtime path of "/workspaces/isaac_ros-dev/install/realsense2_camera/lib/realsense2_camera/realsense2_camera_node" to ""\n'}
[31.067831] (realsense2_camera) StdoutLine: {'line': b'-- Installing: /workspaces/isaac_ros-dev/install/realsense2_camera/lib/librealsense2_camera.so\n'}
[31.072718] (realsense2_camera) StdoutLine: {'line': b'-- Set non-toolchain portion of runtime path of "/workspaces/isaac_ros-dev/install/realsense2_camera/lib/librealsense2_camera.so" to ""\n'}
[31.072843] (realsense2_camera) StdoutLine: {'line': b'-- Installing: /workspaces/isaac_ros-dev/install/realsense2_camera/include\n'}
[31.072940] (realsense2_camera) StdoutLine: {'line': b'-- Installing: /workspaces/isaac_ros-dev/install/realsense2_camera/include/named_filter.h\n'}
[31.073028] (realsense2_camera) StdoutLine: {'line': b'-- Installing: /workspaces/isaac_ros-dev/install/realsense2_camera/include/ros_sensor.h\n'}
[31.073143] (realsense2_camera) StdoutLine: {'line': b'-- Installing: /workspaces/isaac_ros-dev/install/realsense2_camera/include/ros_param_backend.h\n'}
[31.073282] (realsense2_camera) StdoutLine: {'line': b'-- Installing: /workspaces/isaac_ros-dev/install/realsense2_camera/include/image_publisher.h\n'}
[31.073410] (realsense2_camera) StdoutLine: {'line': b'-- Installing: /workspaces/isaac_ros-dev/install/realsense2_camera/include/profile_manager.h\n'}
[31.073551] (realsense2_camera) StdoutLine: {'line': b'-- Installing: /workspaces/isaac_ros-dev/install/realsense2_camera/include/realsense_node_factory.h\n'}
[31.073681] (realsense2_camera) StdoutLine: {'line': b'-- Installing: /workspaces/isaac_ros-dev/install/realsense2_camera/include/constants.h\n'}
[31.073823] (realsense2_camera) StdoutLine: {'line': b'-- Installing: /workspaces/isaac_ros-dev/install/realsense2_camera/include/gl_window.h\n'}
[31.073954] (realsense2_camera) StdoutLine: {'line': b'-- Installing: /workspaces/isaac_ros-dev/install/realsense2_camera/include/ros_utils.h\n'}
[31.074085] (realsense2_camera) StdoutLine: {'line': b'-- Installing: /workspaces/isaac_ros-dev/install/realsense2_camera/include/dynamic_params.h\n'}
[31.074229] (realsense2_camera) StdoutLine: {'line': b'-- Installing: /workspaces/isaac_ros-dev/install/realsense2_camera/include/base_realsense_node.h\n'}
[31.074377] (realsense2_camera) StdoutLine: {'line': b'-- Installing: /workspaces/isaac_ros-dev/install/realsense2_camera/include/sensor_params.h\n'}
[31.074441] (-) TimerEvent: {}
[31.074532] (realsense2_camera) StdoutLine: {'line': b'-- Installing: /workspaces/isaac_ros-dev/install/realsense2_camera/share/realsense2_camera/launch\n'}
[31.074695] (realsense2_camera) StdoutLine: {'line': b'-- Installing: /workspaces/isaac_ros-dev/install/realsense2_camera/share/realsense2_camera/launch/orx_realsense_d435_encoded.launch.py\n'}
[31.074845] (realsense2_camera) StdoutLine: {'line': b'-- Installing: /workspaces/isaac_ros-dev/install/realsense2_camera/share/realsense2_camera/launch/orx_realsense_d435.launch.py\n'}
[31.074988] (realsense2_camera) StdoutLine: {'line': b'-- Installing: /workspaces/isaac_ros-dev/install/realsense2_camera/share/realsense2_camera/launch/default.rviz\n'}
[31.075139] (realsense2_camera) StdoutLine: {'line': b'-- Installing: /workspaces/isaac_ros-dev/install/realsense2_camera/share/realsense2_camera/launch/rs_intra_process_demo_launch.py\n'}
[31.075301] (realsense2_camera) StdoutLine: {'line': b'-- Installing: /workspaces/isaac_ros-dev/install/realsense2_camera/share/realsense2_camera/launch/rs_multi_camera_launch.py\n'}
[31.075462] (realsense2_camera) StdoutLine: {'line': b'-- Installing: /workspaces/isaac_ros-dev/install/realsense2_camera/share/realsense2_camera/launch/orx_realsense_d405_encoded.launch.py\n'}
[31.075602] (realsense2_camera) StdoutLine: {'line': b'-- Installing: /workspaces/isaac_ros-dev/install/realsense2_camera/share/realsense2_camera/launch/rs_launch.py\n'}
[31.075750] (realsense2_camera) StdoutLine: {'line': b'-- Installing: /workspaces/isaac_ros-dev/install/realsense2_camera/share/realsense2_camera/launch/orx_realsense_d405.launch.py\n'}
[31.075943] (realsense2_camera) StdoutLine: {'line': b'-- Installing: /workspaces/isaac_ros-dev/install/realsense2_camera/share/realsense2_camera/examples\n'}
[31.076029] (realsense2_camera) StdoutLine: {'line': b'-- Installing: /workspaces/isaac_ros-dev/install/realsense2_camera/share/realsense2_camera/examples/launch_params_from_file\n'}
[31.076113] (realsense2_camera) StdoutLine: {'line': b'-- Installing: /workspaces/isaac_ros-dev/install/realsense2_camera/share/realsense2_camera/examples/launch_params_from_file/config\n'}
[31.076316] (realsense2_camera) StdoutLine: {'line': b'-- Installing: /workspaces/isaac_ros-dev/install/realsense2_camera/share/realsense2_camera/examples/launch_params_from_file/config/config.yaml\n'}
[31.076477] (realsense2_camera) StdoutLine: {'line': b'-- Installing: /workspaces/isaac_ros-dev/install/realsense2_camera/share/realsense2_camera/examples/launch_params_from_file/rs_launch_get_params_from_yaml.py\n'}
[31.076626] (realsense2_camera) StdoutLine: {'line': b'-- Installing: /workspaces/isaac_ros-dev/install/realsense2_camera/share/realsense2_camera/examples/launch_params_from_file/README.md\n'}
[31.076766] (realsense2_camera) StdoutLine: {'line': b'-- Installing: /workspaces/isaac_ros-dev/install/realsense2_camera/share/realsense2_camera/examples/align_depth\n'}
[31.076859] (realsense2_camera) StdoutLine: {'line': b'-- Installing: /workspaces/isaac_ros-dev/install/realsense2_camera/share/realsense2_camera/examples/align_depth/rs_align_depth_launch.py\n'}
[31.077010] (realsense2_camera) StdoutLine: {'line': b'-- Installing: /workspaces/isaac_ros-dev/install/realsense2_camera/share/realsense2_camera/examples/align_depth/README.md\n'}
[31.077172] (realsense2_camera) StdoutLine: {'line': b'-- Installing: /workspaces/isaac_ros-dev/install/realsense2_camera/share/realsense2_camera/examples/pointcloud\n'}
[31.077276] (realsense2_camera) StdoutLine: {'line': b'-- Installing: /workspaces/isaac_ros-dev/install/realsense2_camera/share/realsense2_camera/examples/pointcloud/rs_pointcloud_launch.py\n'}
[31.077410] (realsense2_camera) StdoutLine: {'line': b'-- Installing: /workspaces/isaac_ros-dev/install/realsense2_camera/share/realsense2_camera/examples/pointcloud/rviz\n'}
[31.077492] (realsense2_camera) StdoutLine: {'line': b'-- Installing: /workspaces/isaac_ros-dev/install/realsense2_camera/share/realsense2_camera/examples/pointcloud/rviz/pointcloud.rviz\n'}
[31.077641] (realsense2_camera) StdoutLine: {'line': b'-- Installing: /workspaces/isaac_ros-dev/install/realsense2_camera/share/realsense2_camera/examples/pointcloud/rviz/urdf_pointcloud.rviz\n'}
[31.077794] (realsense2_camera) StdoutLine: {'line': b'-- Installing: /workspaces/isaac_ros-dev/install/realsense2_camera/share/realsense2_camera/examples/pointcloud/rs_d455_pointcloud_launch.py\n'}
[31.077921] (realsense2_camera) StdoutLine: {'line': b'-- Installing: /workspaces/isaac_ros-dev/install/realsense2_camera/share/realsense2_camera/examples/pointcloud/README.md\n'}
[31.078047] (realsense2_camera) StdoutLine: {'line': b'-- Installing: /workspaces/isaac_ros-dev/install/realsense2_camera/share/realsense2_camera/examples/pointcloud/rs_d405_pointcloud_launch.py\n'}
[31.078182] (realsense2_camera) StdoutLine: {'line': b'-- Installing: /workspaces/isaac_ros-dev/install/realsense2_camera/share/realsense2_camera/examples/dual_camera\n'}
[31.078257] (realsense2_camera) StdoutLine: {'line': b'-- Installing: /workspaces/isaac_ros-dev/install/realsense2_camera/share/realsense2_camera/examples/dual_camera/rviz\n'}
[31.078338] (realsense2_camera) StdoutLine: {'line': b'-- Installing: /workspaces/isaac_ros-dev/install/realsense2_camera/share/realsense2_camera/examples/dual_camera/rviz/dual_camera_pointcloud.rviz\n'}
[31.078475] (realsense2_camera) StdoutLine: {'line': b'-- Installing: /workspaces/isaac_ros-dev/install/realsense2_camera/share/realsense2_camera/examples/dual_camera/rs_dual_camera_launch.py\n'}
[31.078605] (realsense2_camera) StdoutLine: {'line': b'-- Installing: /workspaces/isaac_ros-dev/install/realsense2_camera/share/realsense2_camera/examples/dual_camera/README.md\n'}
[31.078736] (realsense2_camera) StdoutLine: {'line': b'-- Installing: /workspaces/isaac_ros-dev/install/realsense2_camera/share/realsense2_camera/examples/launch_from_rosbag\n'}
[31.078822] (realsense2_camera) StdoutLine: {'line': b'-- Installing: /workspaces/isaac_ros-dev/install/realsense2_camera/share/realsense2_camera/examples/launch_from_rosbag/rs_launch_from_rosbag.py\n'}
[31.078937] (realsense2_camera) StdoutLine: {'line': b'-- Installing: /workspaces/isaac_ros-dev/install/realsense2_camera/share/realsense2_camera/examples/launch_from_rosbag/README.md\n'}
[31.079155] (realsense2_camera) StdoutLine: {'line': b'-- Installing: /workspaces/isaac_ros-dev/install/realsense2_camera/share/realsense2_camera/environment/library_path.sh\n'}
[31.079335] (realsense2_camera) StdoutLine: {'line': b'-- Installing: /workspaces/isaac_ros-dev/install/realsense2_camera/share/realsense2_camera/environment/library_path.dsv\n'}
[31.079588] (realsense2_camera) StdoutLine: {'line': b'-- Installing: /workspaces/isaac_ros-dev/install/realsense2_camera/share/ament_index/resource_index/package_run_dependencies/realsense2_camera\n'}
[31.079804] (realsense2_camera) StdoutLine: {'line': b'-- Installing: /workspaces/isaac_ros-dev/install/realsense2_camera/share/ament_index/resource_index/parent_prefix_path/realsense2_camera\n'}
[31.079979] (realsense2_camera) StdoutLine: {'line': b'-- Installing: /workspaces/isaac_ros-dev/install/realsense2_camera/share/realsense2_camera/environment/ament_prefix_path.sh\n'}
[31.080190] (realsense2_camera) StdoutLine: {'line': b'-- Installing: /workspaces/isaac_ros-dev/install/realsense2_camera/share/realsense2_camera/environment/ament_prefix_path.dsv\n'}
[31.080352] (realsense2_camera) StdoutLine: {'line': b'-- Installing: /workspaces/isaac_ros-dev/install/realsense2_camera/share/realsense2_camera/environment/path.sh\n'}
[31.080511] (realsense2_camera) StdoutLine: {'line': b'-- Installing: /workspaces/isaac_ros-dev/install/realsense2_camera/share/realsense2_camera/environment/path.dsv\n'}
[31.080673] (realsense2_camera) StdoutLine: {'line': b'-- Installing: /workspaces/isaac_ros-dev/install/realsense2_camera/share/realsense2_camera/local_setup.bash\n'}
[31.080818] (realsense2_camera) StdoutLine: {'line': b'-- Installing: /workspaces/isaac_ros-dev/install/realsense2_camera/share/realsense2_camera/local_setup.sh\n'}
[31.080979] (realsense2_camera) StdoutLine: {'line': b'-- Installing: /workspaces/isaac_ros-dev/install/realsense2_camera/share/realsense2_camera/local_setup.zsh\n'}
[31.081143] (realsense2_camera) StdoutLine: {'line': b'-- Installing: /workspaces/isaac_ros-dev/install/realsense2_camera/share/realsense2_camera/local_setup.dsv\n'}
[31.081294] (realsense2_camera) StdoutLine: {'line': b'-- Installing: /workspaces/isaac_ros-dev/install/realsense2_camera/share/realsense2_camera/package.dsv\n'}
[31.081492] (realsense2_camera) StdoutLine: {'line': b'-- Installing: /workspaces/isaac_ros-dev/install/realsense2_camera/share/ament_index/resource_index/packages/realsense2_camera\n'}
[31.081706] (realsense2_camera) StdoutLine: {'line': b'-- Installing: /workspaces/isaac_ros-dev/install/realsense2_camera/share/ament_index/resource_index/rclcpp_components/realsense2_camera\n'}
[31.081901] (realsense2_camera) StdoutLine: {'line': b'-- Installing: /workspaces/isaac_ros-dev/install/realsense2_camera/share/realsense2_camera/cmake/ament_cmake_export_include_directories-extras.cmake\n'}
[31.082049] (realsense2_camera) StdoutLine: {'line': b'-- Installing: /workspaces/isaac_ros-dev/install/realsense2_camera/share/realsense2_camera/cmake/ament_cmake_export_libraries-extras.cmake\n'}
[31.082220] (realsense2_camera) StdoutLine: {'line': b'-- Installing: /workspaces/isaac_ros-dev/install/realsense2_camera/share/realsense2_camera/cmake/ament_cmake_export_dependencies-extras.cmake\n'}
[31.082378] (realsense2_camera) StdoutLine: {'line': b'-- Installing: /workspaces/isaac_ros-dev/install/realsense2_camera/share/realsense2_camera/cmake/realsense2_cameraConfig.cmake\n'}
[31.082511] (realsense2_camera) StdoutLine: {'line': b'-- Installing: /workspaces/isaac_ros-dev/install/realsense2_camera/share/realsense2_camera/cmake/realsense2_cameraConfig-version.cmake\n'}
[31.082662] (realsense2_camera) StdoutLine: {'line': b'-- Installing: /workspaces/isaac_ros-dev/install/realsense2_camera/share/realsense2_camera/package.xml\n'}
[31.084383] (realsense2_camera) CommandEnded: {'returncode': 0}
[31.096830] (realsense2_camera) JobEnded: {'identifier': 'realsense2_camera', 'rc': 0}
[31.097757] (-) EventReactorShutdown: {}
